0,1,2,3,4,5,6,7,8,9,10,11,12,13,14,15,16,17,18,19,20,21,22,23,24
,,Class C Notes,Class C Notes,Class C Notes,Class C Notes,Class C Notes,Class C Notes,Class C Notes,Class C Notes,Class C Notes,Class C Notes,Class C Notes,Class C Notes,Class C Notes,Class C Notes,Class C Notes,Class C Notes,Class C Notes,Class C Notes,Class C Notes,Class C Notes,Class C Notes,Class C Notes,
Payment Date,,0.00%,0.00%,,,0.50%,0.50%,,,1.00%,1.00%,,,1.30%,1.30%,,,1.50%,1.50%,,,2.00%,2.00%,
Closing Date,,,100.00,%,,,100.00,%,,,100.00,%,,,100.00,%,,,100.00,%,,,100.00,%
July 2025,,,100.00,%,,,100.00,%,,,100.00,%,,,100.00,%,,,100.00,%,,,100.00,%
August 2025,,,100.00,%,,,100.00,%,,,100.00,%,,,100.00,%,,,100.00,%,,,100.00,%
September 2025,,,100.00,%,,,100.00,%,,,100.00,%,,,100.00,%,,,100.00,%,,,100.00,%
October 2025,,,100.00,%,,,100.00,%,,,100.00,%,,,100.00,%,,,100.00,%,,,100.00,%
November 2025,,,100.00,%,,,100.00,%,,,100.00,%,,,100.00,%,,,100.00,%,,,100.00,%
December 2025,,,100.00,%,,,100.00,%,,,100.00,%,,,100.00,%,,,100.00,%,,,100.00,%
January 2026,,,100.00,%,,,100.00,%,,,100.00,%,,,100.00,%,,,100.00,%,,,100.00,%
February 2026,,,100.00,%,,,100.00,%,,,100.00,%,,,100.00,%,,,100.00,%,,,100.00,%
March 2026,,,100.00,%,,,100.00,%,,,100.00,%,,,100.00,%,,,100.00,%,,,100.00,%
April 2026,,,100.00,%,,,100.00,%,,,100.00,%,,,100.00,%,,,100.00,%,,,100.00,%
May 2026,,,100.00,%,,,100.00,%,,,100.00,%,,,100.00,%,,,100.00,%,,,100.00,%
June 2026,,,100.00,%,,,100.00,%,,,100.00,%,,,100.00,%,,,100.00,%,,,100.00,%
July 2026,,,100.00,%,,,100.00,%,,,100.00,%,,,100.00,%,,,100.00,%,,,100.00,%
August 2026,,,100.00,%,,,100.00,%,,,100.00,%,,,100.00,%,,,100.00,%,,,100.00,%
September 2026,,,100.00,%,,,100.00,%,,,100.00,%,,,100.00,%,,,100.00,%,,,100.00,%
October 2026,,,100.00,%,,,100.00,%,,,100.00,%,,,100.00,%,,,100.00,%,,,100.00,%
November 2026,,,100.00,%,,,100.00,%,,,100.00,%,,,100.00,%,,,100.00,%,,,100.00,%
December 2026,,,100.00,%,,,100.00,%,,,100.00,%,,,100.00,%,,,100.00,%,,,100.00,%
January 2027,,,100.00,%,,,100.00,%,,,100.00,%,,,100.00,%,,,100.00,%,,,100.00,%
February 2027,,,100.00,%,,,100.00,%,,,100.00,%,,,100.00,%,,,100.00,%,,,100.00,%
March 2027,,,100.00,%,,,100.00,%,,,100.00,%,,,100.00,%,,,100.00,%,,,100.00,%
April 2027,,,100.00,%,,,100.00,%,,,100.00,%,,,100.00,%,,,100.00,%,,,100.00,%
May 2027,,,100.00,%,,,100.00,%,,,100.00,%,,,100.00,%,,,100.00,%,,,100.00,%
June 2027,,,100.00,%,,,100.00,%,,,100.00,%,,,100.00,%,,,100.00,%,,,100.00,%
July 2027,,,100.00,%,,,100.00,%,,,100.00,%,,,100.00,%,,,100.00,%,,,100.00,%
August 2027,,,100.00,%,,,100.00,%,,,100.00,%,,,100.00,%,,,100.00,%,,,100.00,%
September 2027,,,100.00,%,,,100.00,%,,,100.00,%,,,100.00,%,,,100.00,%,,,100.00,%
October 2027,,,100.00,%,,,100.00,%,,,100.00,%,,,100.00,%,,,100.00,%,,,100.00,%
November 2027,,,100.00,%,,,100.00,%,,,100.00,%,,,100.00,%,,,100.00,%,,,100.00,%
December 2027,,,100.00,%,,,100.00,%,,,100.00,%,,,100.00,%,,,100.00,%,,,100.00,%
January 2028,,,100.00,%,,,100.00,%,,,100.00,%,,,100.00,%,,,100.00,%,,,100.00,%
February 2028,,,100.00,%,,,100.00,%,,,100.00,%,,,100.00,%,,,100.00,%,,,77.71,%
March 2028,,,100.00,%,,,100.00,%,,,100.00,%,,,100.00,%,,,100.00,%,,,0.00,%
April 2028,,,100.00,%,,,100.00,%,,,100.00,%,,,100.00,%,,,100.00,%,,,0.00,%
May 2028,,,100.00,%,,,100.00,%,,,100.00,%,,,100.00,%,,,100.00,%,,,0.00,%
June 2028,,,100.00,%,,,100.00,%,,,100.00,%,,,100.00,%,,,100.00,%,,,0.00,%
July 2028,,,100.00,%,,,100.00,%,,,100.00,%,,,100.00,%,,,100.00,%,,,0.00,%
August 2028,,,100.00,%,,,100.00,%,,,100.00,%,,,100.00,%,,,100.00,%,,,0.00,%
September 2028,,,100.00,%,,,100.00,%,,,100.00,%,,,100.00,%,,,100.00,%,,,0.00,%
October 2028,,,100.00,%,,,100.00,%,,,100.00,%,,,100.00,%,,,100.00,%,,,0.00,%
November 2028,,,100.00,%,,,100.00,%,,,100.00,%,,,100.00,%,,,100.00,%,,,0.00,%
December 2028,,,100.00,%,,,100.00,%,,,100.00,%,,,100.00,%,,,89.66,%,,,0.00,%
January 2029,,,100.00,%,,,100.00,%,,,100.00,%,,,100.00,%,,,64.75,%,,,0.00,%
February 2029,,,100.00,%,,,100.00,%,,,100.00,%,,,100.00,%,,,0.00,%,,,0.00,%
March 2029,,,100.00,%,,,100.00,%,,,100.00,%,,,100.00,%,,,0.00,%,,,0.00,%
April 2029,,,100.00,%,,,100.00,%,,,100.00,%,,,86.70,%,,,0.00,%,,,0.00,%
May 2029,,,100.00,%,,,100.00,%,,,100.00,%,,,0.00,%,,,0.00,%,,,0.00,%
June 2029,,,100.00,%,,,100.00,%,,,100.00,%,,,0.00,%,,,0.00,%,,,0.00,%
July 2029,,,100.00,%,,,100.00,%,,,100.00,%,,,0.00,%,,,0.00,%,,,0.00,%
August 2029,,,100.00,%,,,100.00,%,,,100.00,%,,,0.00,%,,,0.00,%,,,0.00,%
September 2029,,,100.00,%,,,100.00,%,,,84.33,%,,,0.00,%,,,0.00,%,,,0.00,%
October 2029,,,100.00,%,,,100.00,%,,,0.00,%,,,0.00,%,,,0.00,%,,,0.00,%
November 2029,,,100.00,%,,,100.00,%,,,0.00,%,,,0.00,%,,,0.00,%,,,0.00,%
December 2029,,,100.00,%,,,100.00,%,,,0.00,%,,,0.00,%,,,0.00,%,,,0.00,%
January 2030,,,100.00,%,,,91.30,%,,,0.00,%,,,0.00,%,,,0.00,%,,,0.00,%
February 2030,,,100.00,%,,,0.00,%,,,0.00,%,,,0.00,%,,,0.00,%,,,0.00,%
March 2030,,,100.00,%,,,0.00,%,,,0.00,%,,,0.00,%,,,0.00,%,,,0.00,%
April 2030,,,0.00,%,,,0.00,%,,,0.00,%,,,0.00,%,,,0.00,%,,,0.00,%
,,,,,,,,,,,,,,,,,,,,,,,,
Weighted Average Life to Call (years)(1),,,4.84,,,,4.67,,,,4.33,,,,3.92,,,,3.64,,,,2.74,
Weighted Average Life to Maturity (years)(2),,,4.94,,,,4.77,,,,4.44,,,,4.05,,,,3.70,,,,2.79,
