entity_name,cik,form,filing_date,accession,accession_clean,primary_doc,description,doc_url,index_url,local_path,downloaded
TOYOTA AUTO FINANCE RECEIVABLES LLC,0001131131,424H,2026-07-08,0000929638-26-002565,000092963826002565,taot2026-c_424h.htm,,https://www.sec.gov/Archives/edgar/data/1131131/000092963826002565/taot2026-c_424h.htm,https://www.sec.gov/Archives/edgar/data/1131131/000092963826002565/0000929638-26-002565-index.htm,./data_v1\TOYOTA_AUTO_FINANCE_RECEIVABLES_LLC_2026-07-08_424H.htm,True
TOYOTA AUTO FINANCE RECEIVABLES LLC,0001131131,424H,2026-04-08,0000929638-26-001430,000092963826001430,taot2026-b_424h.htm,,https://www.sec.gov/Archives/edgar/data/1131131/000092963826001430/taot2026-b_424h.htm,https://www.sec.gov/Archives/edgar/data/1131131/000092963826001430/0000929638-26-001430-index.htm,./data_v1\TOYOTA_AUTO_FINANCE_RECEIVABLES_LLC_2026-04-08_424H.htm,True
TOYOTA AUTO FINANCE RECEIVABLES LLC,0001131131,424H,2026-01-07,0000929638-26-000041,000092963826000041,taot2026-a_424h.htm,,https://www.sec.gov/Archives/edgar/data/1131131/000092963826000041/taot2026-a_424h.htm,https://www.sec.gov/Archives/edgar/data/1131131/000092963826000041/0000929638-26-000041-index.htm,./data_v1\TOYOTA_AUTO_FINANCE_RECEIVABLES_LLC_2026-01-07_424H.htm,True
TOYOTA AUTO FINANCE RECEIVABLES LLC,0001131131,424H,2025-10-08,0000929638-25-003854,000092963825003854,taot2025d-424h.htm,,https://www.sec.gov/Archives/edgar/data/1131131/000092963825003854/taot2025d-424h.htm,https://www.sec.gov/Archives/edgar/data/1131131/000092963825003854/0000929638-25-003854-index.htm,./data_v1\TOYOTA_AUTO_FINANCE_RECEIVABLES_LLC_2025-10-08_424H.htm,True
TOYOTA AUTO FINANCE RECEIVABLES LLC,0001131131,424H,2025-07-16,0000929638-25-002607,000092963825002607,taot2025c-424h.htm,,https://www.sec.gov/Archives/edgar/data/1131131/000092963825002607/taot2025c-424h.htm,https://www.sec.gov/Archives/edgar/data/1131131/000092963825002607/0000929638-25-002607-index.htm,./data_v1\TOYOTA_AUTO_FINANCE_RECEIVABLES_LLC_2025-07-16_424H.htm,True
TOYOTA AUTO FINANCE RECEIVABLES LLC,0001131131,424H,2025-04-21,0000929638-25-001593,000092963825001593,taot2025b-424h.htm,,https://www.sec.gov/Archives/edgar/data/1131131/000092963825001593/taot2025b-424h.htm,https://www.sec.gov/Archives/edgar/data/1131131/000092963825001593/0000929638-25-001593-index.htm,./data_v1\TOYOTA_AUTO_FINANCE_RECEIVABLES_LLC_2025-04-21_424H.htm,True
TOYOTA AUTO FINANCE RECEIVABLES LLC,0001131131,424H,2025-01-15,0000929638-25-000154,000092963825000154,taot2025a-424h.htm,,https://www.sec.gov/Archives/edgar/data/1131131/000092963825000154/taot2025a-424h.htm,https://www.sec.gov/Archives/edgar/data/1131131/000092963825000154/0000929638-25-000154-index.htm,./data_v1\TOYOTA_AUTO_FINANCE_RECEIVABLES_LLC_2025-01-15_424H.htm,True
TOYOTA AUTO FINANCE RECEIVABLES LLC,0001131131,424H,2024-10-07,0000929638-24-003452,000092963824003452,taot2024d-424h.htm,,https://www.sec.gov/Archives/edgar/data/1131131/000092963824003452/taot2024d-424h.htm,https://www.sec.gov/Archives/edgar/data/1131131/000092963824003452/0000929638-24-003452-index.htm,./data_v1\TOYOTA_AUTO_FINANCE_RECEIVABLES_LLC_2024-10-07_424H.htm,True
TOYOTA AUTO FINANCE RECEIVABLES LLC,0001131131,424H,2024-07-17,0000929638-24-002506,000092963824002506,taot2024c-424h.htm,,https://www.sec.gov/Archives/edgar/data/1131131/000092963824002506/taot2024c-424h.htm,https://www.sec.gov/Archives/edgar/data/1131131/000092963824002506/0000929638-24-002506-index.htm,./data_v1\TOYOTA_AUTO_FINANCE_RECEIVABLES_LLC_2024-07-17_424H.htm,True
TOYOTA AUTO FINANCE RECEIVABLES LLC,0001131131,424H,2024-04-18,0000929638-24-001523,000092963824001523,taot2024b-424h.htm,,https://www.sec.gov/Archives/edgar/data/1131131/000092963824001523/taot2024b-424h.htm,https://www.sec.gov/Archives/edgar/data/1131131/000092963824001523/0000929638-24-001523-index.htm,./data_v1\TOYOTA_AUTO_FINANCE_RECEIVABLES_LLC_2024-04-18_424H.htm,True
HYUNDAI ABS FUNDING LLC,0001260125,424H,2026-06-04,0001104659-26-070392,000110465926070392,tm2615711d5_424h.htm,424H,https://www.sec.gov/Archives/edgar/data/1260125/000110465926070392/tm2615711d5_424h.htm,https://www.sec.gov/Archives/edgar/data/1260125/000110465926070392/0001104659-26-070392-index.htm,./data_v1\HYUNDAI_ABS_FUNDING_LLC_2026-06-04_424H.htm,True
HYUNDAI ABS FUNDING LLC,0001260125,424H,2026-02-04,0001104659-26-010086,000110465926010086,tm264376d6_424h.htm,424H,https://www.sec.gov/Archives/edgar/data/1260125/000110465926010086/tm264376d6_424h.htm,https://www.sec.gov/Archives/edgar/data/1260125/000110465926010086/0001104659-26-010086-index.htm,./data_v1\HYUNDAI_ABS_FUNDING_LLC_2026-02-04_424H.htm,True
HYUNDAI ABS FUNDING LLC,0001260125,424H,2025-10-29,0001104659-25-103609,000110465925103609,tm2529217d3_424h.htm,424H,https://www.sec.gov/Archives/edgar/data/1260125/000110465925103609/tm2529217d3_424h.htm,https://www.sec.gov/Archives/edgar/data/1260125/000110465925103609/0001104659-25-103609-index.htm,./data_v1\HYUNDAI_ABS_FUNDING_LLC_2025-10-29_424H.htm,True
HYUNDAI ABS FUNDING LLC,0001260125,424H,2025-09-04,0001104659-25-087324,000110465925087324,tm2524658d1_424h.htm,424H,https://www.sec.gov/Archives/edgar/data/1260125/000110465925087324/tm2524658d1_424h.htm,https://www.sec.gov/Archives/edgar/data/1260125/000110465925087324/0001104659-25-087324-index.htm,./data_v1\HYUNDAI_ABS_FUNDING_LLC_2025-09-04_424H.htm,True
HYUNDAI ABS FUNDING LLC,0001260125,424H,2025-05-28,0001104659-25-053535,000110465925053535,tm2515899d3_424h.htm,424H,https://www.sec.gov/Archives/edgar/data/1260125/000110465925053535/tm2515899d3_424h.htm,https://www.sec.gov/Archives/edgar/data/1260125/000110465925053535/0001104659-25-053535-index.htm,./data_v1\HYUNDAI_ABS_FUNDING_LLC_2025-05-28_424H.htm,True
HYUNDAI ABS FUNDING LLC,0001260125,424H,2025-02-27,0001104659-25-017888,000110465925017888,tm257118d6_424h.htm,424H,https://www.sec.gov/Archives/edgar/data/1260125/000110465925017888/tm257118d6_424h.htm,https://www.sec.gov/Archives/edgar/data/1260125/000110465925017888/0001104659-25-017888-index.htm,./data_v1\HYUNDAI_ABS_FUNDING_LLC_2025-02-27_424H.htm,True
HYUNDAI ABS FUNDING LLC,0001260125,424H,2024-10-02,0001104659-24-105235,000110465924105235,tm2424889d6_424h.htm,424H,https://www.sec.gov/Archives/edgar/data/1260125/000110465924105235/tm2424889d6_424h.htm,https://www.sec.gov/Archives/edgar/data/1260125/000110465924105235/0001104659-24-105235-index.htm,./data_v1\HYUNDAI_ABS_FUNDING_LLC_2024-10-02_424H.htm,True
HYUNDAI ABS FUNDING LLC,0001260125,424H,2024-07-11,0001104659-24-079114,000110465924079114,tm2419061d4_424h.htm,424H,https://www.sec.gov/Archives/edgar/data/1260125/000110465924079114/tm2419061d4_424h.htm,https://www.sec.gov/Archives/edgar/data/1260125/000110465924079114/0001104659-24-079114-index.htm,./data_v1\HYUNDAI_ABS_FUNDING_LLC_2024-07-11_424H.htm,True
HYUNDAI ABS FUNDING LLC,0001260125,424H,2024-03-06,0001104659-24-031300,000110465924031300,tm247619d7_424h.htm,424H,https://www.sec.gov/Archives/edgar/data/1260125/000110465924031300/tm247619d7_424h.htm,https://www.sec.gov/Archives/edgar/data/1260125/000110465924031300/0001104659-24-031300-index.htm,./data_v1\HYUNDAI_ABS_FUNDING_LLC_2024-03-06_424H.htm,True
CARMAX AUTO FUNDING LLC,0001259380,424H,2026-07-08,0001193125-26-298297,000119312526298297,d134574d424h.htm,424H,https://www.sec.gov/Archives/edgar/data/1259380/000119312526298297/d134574d424h.htm,https://www.sec.gov/Archives/edgar/data/1259380/000119312526298297/0001193125-26-298297-index.htm,./data_v1\CARMAX_AUTO_FUNDING_LLC_2026-07-08_424H.htm,True
CARMAX AUTO FUNDING LLC,0001259380,424H,2026-06-04,0001193125-26-257311,000119312526257311,d125463d424h.htm,424H,https://www.sec.gov/Archives/edgar/data/1259380/000119312526257311/d125463d424h.htm,https://www.sec.gov/Archives/edgar/data/1259380/000119312526257311/0001193125-26-257311-index.htm,./data_v1\CARMAX_AUTO_FUNDING_LLC_2026-06-04_424H.htm,True
CARMAX AUTO FUNDING LLC,0001259380,424H,2026-04-15,0001193125-26-156818,000119312526156818,d36020d424h.htm,424H,https://www.sec.gov/Archives/edgar/data/1259380/000119312526156818/d36020d424h.htm,https://www.sec.gov/Archives/edgar/data/1259380/000119312526156818/0001193125-26-156818-index.htm,./data_v1\CARMAX_AUTO_FUNDING_LLC_2026-04-15_424H.htm,True
CARMAX AUTO FUNDING LLC,0001259380,424H,2026-02-11,0001193125-26-046816,000119312526046816,d17727d424h.htm,424H,https://www.sec.gov/Archives/edgar/data/1259380/000119312526046816/d17727d424h.htm,https://www.sec.gov/Archives/edgar/data/1259380/000119312526046816/0001193125-26-046816-index.htm,./data_v1\CARMAX_AUTO_FUNDING_LLC_2026-02-11_424H.htm,True
CARMAX AUTO FUNDING LLC,0001259380,424H,2026-01-14,0001193125-26-013037,000119312526013037,d34749d424h.htm,424H,https://www.sec.gov/Archives/edgar/data/1259380/000119312526013037/d34749d424h.htm,https://www.sec.gov/Archives/edgar/data/1259380/000119312526013037/0001193125-26-013037-index.htm,./data_v1\CARMAX_AUTO_FUNDING_LLC_2026-01-14_424H.htm,True
CARMAX AUTO FUNDING LLC,0001259380,424H,2025-10-08,0001193125-25-234588,000119312525234588,d36849d424h.htm,424H,https://www.sec.gov/Archives/edgar/data/1259380/000119312525234588/d36849d424h.htm,https://www.sec.gov/Archives/edgar/data/1259380/000119312525234588/0001193125-25-234588-index.htm,./data_v1\CARMAX_AUTO_FUNDING_LLC_2025-10-08_424H.htm,True
CARMAX AUTO FUNDING LLC,0001259380,424H,2025-09-09,0001193125-25-199252,000119312525199252,d13359d424h.htm,424H,https://www.sec.gov/Archives/edgar/data/1259380/000119312525199252/d13359d424h.htm,https://www.sec.gov/Archives/edgar/data/1259380/000119312525199252/0001193125-25-199252-index.htm,./data_v1\CARMAX_AUTO_FUNDING_LLC_2025-09-09_424H.htm,True
CARMAX AUTO FUNDING LLC,0001259380,424H,2025-07-10,0001193125-25-157573,000119312525157573,d59752d424h.htm,424H,https://www.sec.gov/Archives/edgar/data/1259380/000119312525157573/d59752d424h.htm,https://www.sec.gov/Archives/edgar/data/1259380/000119312525157573/0001193125-25-157573-index.htm,./data_v1\CARMAX_AUTO_FUNDING_LLC_2025-07-10_424H.htm,True
CARMAX AUTO FUNDING LLC,0001259380,424H,2025-04-21,0001193125-25-087301,000119312525087301,d935746d424h.htm,424H,https://www.sec.gov/Archives/edgar/data/1259380/000119312525087301/d935746d424h.htm,https://www.sec.gov/Archives/edgar/data/1259380/000119312525087301/0001193125-25-087301-index.htm,./data_v1\CARMAX_AUTO_FUNDING_LLC_2025-04-21_424H.htm,True
CARMAX AUTO FUNDING LLC,0001259380,424H,2025-03-12,0001193125-25-053056,000119312525053056,d940032d424h.htm,424H,https://www.sec.gov/Archives/edgar/data/1259380/000119312525053056/d940032d424h.htm,https://www.sec.gov/Archives/edgar/data/1259380/000119312525053056/0001193125-25-053056-index.htm,./data_v1\CARMAX_AUTO_FUNDING_LLC_2025-03-12_424H.htm,True
HARLEY-DAVIDSON CUSTOMER FUNDING CORP.,0001114926,424H,2025-05-14,0001104659-25-048574,000110465925048574,tm2513840-1_424h.htm,424H,https://www.sec.gov/Archives/edgar/data/1114926/000110465925048574/tm2513840-1_424h.htm,https://www.sec.gov/Archives/edgar/data/1114926/000110465925048574/0001104659-25-048574-index.htm,./data_v1\HARLEY-DAVIDSON_CUSTOMER_FUNDING_CORP__2025-05-14_424H.htm,True
HARLEY-DAVIDSON CUSTOMER FUNDING CORP.,0001114926,424H,2024-09-11,0001104659-24-098758,000110465924098758,tm2422152-1_424h.htm,424H,https://www.sec.gov/Archives/edgar/data/1114926/000110465924098758/tm2422152-1_424h.htm,https://www.sec.gov/Archives/edgar/data/1114926/000110465924098758/0001104659-24-098758-index.htm,./data_v1\HARLEY-DAVIDSON_CUSTOMER_FUNDING_CORP__2024-09-11_424H.htm,True
HARLEY-DAVIDSON CUSTOMER FUNDING CORP.,0001114926,424H,2024-05-08,0001104659-24-058485,000110465924058485,tm2413280-1_424h.htm,424H,https://www.sec.gov/Archives/edgar/data/1114926/000110465924058485/tm2413280-1_424h.htm,https://www.sec.gov/Archives/edgar/data/1114926/000110465924058485/0001104659-24-058485-index.htm,./data_v1\HARLEY-DAVIDSON_CUSTOMER_FUNDING_CORP__2024-05-08_424H.htm,True
Bridgecrest Auto Funding LLC,0001974820,424H,2026-07-15,0001104659-26-083911,000110465926083911,tm2620097d1_424h.htm,424H,https://www.sec.gov/Archives/edgar/data/1974820/000110465926083911/tm2620097d1_424h.htm,https://www.sec.gov/Archives/edgar/data/1974820/000110465926083911/0001104659-26-083911-index.htm,./data_v1\Bridgecrest_Auto_Funding_LLC_2026-07-15_424H.htm,True
Bridgecrest Auto Funding LLC,0001974820,424H,2026-04-13,0001104659-26-042594,000110465926042594,tm2611397d1_424h.htm,424H,https://www.sec.gov/Archives/edgar/data/1974820/000110465926042594/tm2611397d1_424h.htm,https://www.sec.gov/Archives/edgar/data/1974820/000110465926042594/0001104659-26-042594-index.htm,./data_v1\Bridgecrest_Auto_Funding_LLC_2026-04-13_424H.htm,True
Bridgecrest Auto Funding LLC,0001974820,424H,2026-01-14,0001104659-26-003790,000110465926003790,tm2533696d1_424h.htm,424H,https://www.sec.gov/Archives/edgar/data/1974820/000110465926003790/tm2533696d1_424h.htm,https://www.sec.gov/Archives/edgar/data/1974820/000110465926003790/0001104659-26-003790-index.htm,./data_v1\Bridgecrest_Auto_Funding_LLC_2026-01-14_424H.htm,True
Bridgecrest Auto Funding LLC,0001974820,424H,2025-10-08,0001104659-25-097977,000110465925097977,tm2528191d1_424h.htm,424H,https://www.sec.gov/Archives/edgar/data/1974820/000110465925097977/tm2528191d1_424h.htm,https://www.sec.gov/Archives/edgar/data/1974820/000110465925097977/0001104659-25-097977-index.htm,./data_v1\Bridgecrest_Auto_Funding_LLC_2025-10-08_424H.htm,True
Bridgecrest Auto Funding LLC,0001974820,424H,2025-07-16,0001104659-25-068364,000110465925068364,tm2520926d1_424h.htm,424H,https://www.sec.gov/Archives/edgar/data/1974820/000110465925068364/tm2520926d1_424h.htm,https://www.sec.gov/Archives/edgar/data/1974820/000110465925068364/0001104659-25-068364-index.htm,./data_v1\Bridgecrest_Auto_Funding_LLC_2025-07-16_424H.htm,True
Bridgecrest Auto Funding LLC,0001974820,424H,2025-05-12,0001104659-25-047301,000110465925047301,tm2513360d1_424h.htm,424H,https://www.sec.gov/Archives/edgar/data/1974820/000110465925047301/tm2513360d1_424h.htm,https://www.sec.gov/Archives/edgar/data/1974820/000110465925047301/0001104659-25-047301-index.htm,./data_v1\Bridgecrest_Auto_Funding_LLC_2025-05-12_424H.htm,True
Bridgecrest Auto Funding LLC,0001974820,424H,2025-01-15,0001193125-25-007120,000119312525007120,d916066d424h.htm,424H,https://www.sec.gov/Archives/edgar/data/1974820/000119312525007120/d916066d424h.htm,https://www.sec.gov/Archives/edgar/data/1974820/000119312525007120/0001193125-25-007120-index.htm,./data_v1\Bridgecrest_Auto_Funding_LLC_2025-01-15_424H.htm,True
Bridgecrest Auto Funding LLC,0001974820,424H,2024-10-10,0001193125-24-235983,000119312524235983,d886873d424h.htm,FORM 424(H),https://www.sec.gov/Archives/edgar/data/1974820/000119312524235983/d886873d424h.htm,https://www.sec.gov/Archives/edgar/data/1974820/000119312524235983/0001193125-24-235983-index.htm,./data_v1\Bridgecrest_Auto_Funding_LLC_2024-10-10_424H.htm,True
Bridgecrest Auto Funding LLC,0001974820,424H,2024-07-11,0001193125-24-177711,000119312524177711,d860779d424h.htm,FORM 424(H),https://www.sec.gov/Archives/edgar/data/1974820/000119312524177711/d860779d424h.htm,https://www.sec.gov/Archives/edgar/data/1974820/000119312524177711/0001193125-24-177711-index.htm,./data_v1\Bridgecrest_Auto_Funding_LLC_2024-07-11_424H.htm,True
Bridgecrest Auto Funding LLC,0001974820,424H,2024-04-11,0001193125-24-093123,000119312524093123,d819220d424h.htm,FORM 424(H),https://www.sec.gov/Archives/edgar/data/1974820/000119312524093123/d819220d424h.htm,https://www.sec.gov/Archives/edgar/data/1974820/000119312524093123/0001193125-24-093123-index.htm,./data_v1\Bridgecrest_Auto_Funding_LLC_2024-04-11_424H.htm,True
Bridgecrest Lending Auto Securitization Trust 2026-1,0002101434,424H,2026-01-14,0001104659-26-003790,000110465926003790,tm2533696d1_424h.htm,424H,https://www.sec.gov/Archives/edgar/data/2101434/000110465926003790/tm2533696d1_424h.htm,https://www.sec.gov/Archives/edgar/data/2101434/000110465926003790/0001104659-26-003790-index.htm,./data_v1\Bridgecrest_Lending_Auto_Securitization_Trust_2026-1_2026-01-14_424H.htm,True
FORD CREDIT AUTO RECEIVABLES TWO LLC,0001129987,424H,2026-06-11,0001104659-26-072992,000110465926072992,tm2617048d1_424h.htm,424H,https://www.sec.gov/Archives/edgar/data/1129987/000110465926072992/tm2617048d1_424h.htm,https://www.sec.gov/Archives/edgar/data/1129987/000110465926072992/0001104659-26-072992-index.htm,./data_v1\FORD_CREDIT_AUTO_RECEIVABLES_TWO_LLC_2026-06-11_424H.htm,True
FORD CREDIT AUTO RECEIVABLES TWO LLC,0001129987,424H,2026-03-12,0001104659-26-027021,000110465926027021,tm268276d1_424h.htm,424H,https://www.sec.gov/Archives/edgar/data/1129987/000110465926027021/tm268276d1_424h.htm,https://www.sec.gov/Archives/edgar/data/1129987/000110465926027021/0001104659-26-027021-index.htm,./data_v1\FORD_CREDIT_AUTO_RECEIVABLES_TWO_LLC_2026-03-12_424H.htm,True
FORD CREDIT AUTO RECEIVABLES TWO LLC,0001129987,424H,2025-11-13,0001104659-25-111290,000110465925111290,tm2530629d1_424h.htm,424H,https://www.sec.gov/Archives/edgar/data/1129987/000110465925111290/tm2530629d1_424h.htm,https://www.sec.gov/Archives/edgar/data/1129987/000110465925111290/0001104659-25-111290-index.htm,./data_v1\FORD_CREDIT_AUTO_RECEIVABLES_TWO_LLC_2025-11-13_424H.htm,True
FORD CREDIT AUTO RECEIVABLES TWO LLC,0001129987,424H,2025-09-18,0001104659-25-091315,000110465925091315,tm2526028d3_424h.htm,424H,https://www.sec.gov/Archives/edgar/data/1129987/000110465925091315/tm2526028d3_424h.htm,https://www.sec.gov/Archives/edgar/data/1129987/000110465925091315/0001104659-25-091315-index.htm,./data_v1\FORD_CREDIT_AUTO_RECEIVABLES_TWO_LLC_2025-09-18_424H.htm,True
FORD CREDIT AUTO RECEIVABLES TWO LLC,0001129987,424H,2025-03-13,0001104659-25-023376,000110465925023376,tm258634d1_424h.htm,424H,https://www.sec.gov/Archives/edgar/data/1129987/000110465925023376/tm258634d1_424h.htm,https://www.sec.gov/Archives/edgar/data/1129987/000110465925023376/0001104659-25-023376-index.htm,./data_v1\FORD_CREDIT_AUTO_RECEIVABLES_TWO_LLC_2025-03-13_424H.htm,True
FORD CREDIT AUTO RECEIVABLES TWO LLC,0001129987,424H,2024-11-14,0001104659-24-118694,000110465924118694,tm2428010d1_424h.htm,424H,https://www.sec.gov/Archives/edgar/data/1129987/000110465924118694/tm2428010d1_424h.htm,https://www.sec.gov/Archives/edgar/data/1129987/000110465924118694/0001104659-24-118694-index.htm,./data_v1\FORD_CREDIT_AUTO_RECEIVABLES_TWO_LLC_2024-11-14_424H.htm,True
FORD CREDIT AUTO RECEIVABLES TWO LLC,0001129987,424H,2024-09-12,0001104659-24-099238,000110465924099238,tm2423586d1_424h.htm,424H,https://www.sec.gov/Archives/edgar/data/1129987/000110465924099238/tm2423586d1_424h.htm,https://www.sec.gov/Archives/edgar/data/1129987/000110465924099238/0001104659-24-099238-index.htm,./data_v1\FORD_CREDIT_AUTO_RECEIVABLES_TWO_LLC_2024-09-12_424H.htm,True
FORD CREDIT AUTO RECEIVABLES TWO LLC,0001129987,424H,2024-06-13,0001104659-24-071318,000110465924071318,tm2416802d1_424h.htm,424H,https://www.sec.gov/Archives/edgar/data/1129987/000110465924071318/tm2416802d1_424h.htm,https://www.sec.gov/Archives/edgar/data/1129987/000110465924071318/0001104659-24-071318-index.htm,./data_v1\FORD_CREDIT_AUTO_RECEIVABLES_TWO_LLC_2024-06-13_424H.htm,True
FORD CREDIT AUTO RECEIVABLES TWO LLC,0001129987,424H,2024-03-11,0001104659-24-032931,000110465924032931,tm248203d1_424h.htm,424H,https://www.sec.gov/Archives/edgar/data/1129987/000110465924032931/tm248203d1_424h.htm,https://www.sec.gov/Archives/edgar/data/1129987/000110465924032931/0001104659-24-032931-index.htm,./data_v1\FORD_CREDIT_AUTO_RECEIVABLES_TWO_LLC_2024-03-11_424H.htm,True
WORLD OMNI AUTO RECEIVABLES LLC,0001083199,424H,2026-08-12,0001104659-26-094945,000110465926094945,tm2622477d4_424h.htm,424H,https://www.sec.gov/Archives/edgar/data/1083199/000110465926094945/tm2622477d4_424h.htm,https://www.sec.gov/Archives/edgar/data/1083199/000110465926094945/0001104659-26-094945-index.htm,./data_v1\WORLD_OMNI_AUTO_RECEIVABLES_LLC_2026-08-12_424H.htm,True
WORLD OMNI AUTO RECEIVABLES LLC,0001083199,424H,2026-07-13,0001104659-26-082940,000110465926082940,tm2620052d5_424h.htm,424H,https://www.sec.gov/Archives/edgar/data/1083199/000110465926082940/tm2620052d5_424h.htm,https://www.sec.gov/Archives/edgar/data/1083199/000110465926082940/0001104659-26-082940-index.htm,./data_v1\WORLD_OMNI_AUTO_RECEIVABLES_LLC_2026-07-13_424H.htm,True
WORLD OMNI AUTO RECEIVABLES LLC,0001083199,424H,2026-04-29,0001104659-26-051743,000110465926051743,tm2612646d4_424h.htm,424H,https://www.sec.gov/Archives/edgar/data/1083199/000110465926051743/tm2612646d4_424h.htm,https://www.sec.gov/Archives/edgar/data/1083199/000110465926051743/0001104659-26-051743-index.htm,./data_v1\WORLD_OMNI_AUTO_RECEIVABLES_LLC_2026-04-29_424H.htm,True
WORLD OMNI AUTO RECEIVABLES LLC,0001083199,424H,2026-02-02,0001104659-26-009030,000110465926009030,tm264483d4_424h.htm,424H,https://www.sec.gov/Archives/edgar/data/1083199/000110465926009030/tm264483d4_424h.htm,https://www.sec.gov/Archives/edgar/data/1083199/000110465926009030/0001104659-26-009030-index.htm,./data_v1\WORLD_OMNI_AUTO_RECEIVABLES_LLC_2026-02-02_424H.htm,True
WORLD OMNI AUTO RECEIVABLES LLC,0001083199,424H,2025-10-01,0001104659-25-095481,000110465925095481,tm2527075d4_424h.htm,424H,https://www.sec.gov/Archives/edgar/data/1083199/000110465925095481/tm2527075d4_424h.htm,https://www.sec.gov/Archives/edgar/data/1083199/000110465925095481/0001104659-25-095481-index.htm,./data_v1\WORLD_OMNI_AUTO_RECEIVABLES_LLC_2025-10-01_424H.htm,True
WORLD OMNI AUTO RECEIVABLES LLC,0001083199,424H,2025-09-10,0001104659-25-088821,000110465925088821,tm2525438d2_424h.htm,424H,https://www.sec.gov/Archives/edgar/data/1083199/000110465925088821/tm2525438d2_424h.htm,https://www.sec.gov/Archives/edgar/data/1083199/000110465925088821/0001104659-25-088821-index.htm,./data_v1\WORLD_OMNI_AUTO_RECEIVABLES_LLC_2025-09-10_424H.htm,True
WORLD OMNI AUTO RECEIVABLES LLC,0001083199,424H,2025-07-28,0001104659-25-071006,000110465925071006,tm2521584d5_424h.htm,424H,https://www.sec.gov/Archives/edgar/data/1083199/000110465925071006/tm2521584d5_424h.htm,https://www.sec.gov/Archives/edgar/data/1083199/000110465925071006/0001104659-25-071006-index.htm,./data_v1\WORLD_OMNI_AUTO_RECEIVABLES_LLC_2025-07-28_424H.htm,True
WORLD OMNI AUTO RECEIVABLES LLC,0001083199,424H,2025-05-01,0001104659-25-043167,000110465925043167,tm2513003d5_424h.htm,424H,https://www.sec.gov/Archives/edgar/data/1083199/000110465925043167/tm2513003d5_424h.htm,https://www.sec.gov/Archives/edgar/data/1083199/000110465925043167/0001104659-25-043167-index.htm,./data_v1\WORLD_OMNI_AUTO_RECEIVABLES_LLC_2025-05-01_424H.htm,True
WORLD OMNI AUTO RECEIVABLES LLC,0001083199,424H,2025-01-14,0001104659-25-003209,000110465925003209,tm252785d5_424h.htm,424H,https://www.sec.gov/Archives/edgar/data/1083199/000110465925003209/tm252785d5_424h.htm,https://www.sec.gov/Archives/edgar/data/1083199/000110465925003209/0001104659-25-003209-index.htm,./data_v1\WORLD_OMNI_AUTO_RECEIVABLES_LLC_2025-01-14_424H.htm,True
WORLD OMNI AUTO RECEIVABLES LLC,0001083199,424H,2024-08-07,0001104659-24-086592,000110465924086592,tm2420727d4_424h.htm,424H,https://www.sec.gov/Archives/edgar/data/1083199/000110465924086592/tm2420727d4_424h.htm,https://www.sec.gov/Archives/edgar/data/1083199/000110465924086592/0001104659-24-086592-index.htm,./data_v1\WORLD_OMNI_AUTO_RECEIVABLES_LLC_2024-08-07_424H.htm,True
AMERICAN HONDA RECEIVABLES LLC,0000890975,424H,2026-07-29,0001104659-26-088181,000110465926088181,tm2620484d3_424h.htm,424H,https://www.sec.gov/Archives/edgar/data/890975/000110465926088181/tm2620484d3_424h.htm,https://www.sec.gov/Archives/edgar/data/890975/000110465926088181/0001104659-26-088181-index.htm,./data_v1\AMERICAN_HONDA_RECEIVABLES_LLC_2026-07-29_424H.htm,True
AMERICAN HONDA RECEIVABLES LLC,0000890975,424H,2026-04-29,0001104659-26-051440,000110465926051440,tm2611296d3_424h.htm,424H,https://www.sec.gov/Archives/edgar/data/890975/000110465926051440/tm2611296d3_424h.htm,https://www.sec.gov/Archives/edgar/data/890975/000110465926051440/0001104659-26-051440-index.htm,./data_v1\AMERICAN_HONDA_RECEIVABLES_LLC_2026-04-29_424H.htm,True
AMERICAN HONDA RECEIVABLES LLC,0000890975,424H,2026-02-03,0001104659-26-009632,000110465926009632,tm262279d3_424h.htm,424H,https://www.sec.gov/Archives/edgar/data/890975/000110465926009632/tm262279d3_424h.htm,https://www.sec.gov/Archives/edgar/data/890975/000110465926009632/0001104659-26-009632-index.htm,./data_v1\AMERICAN_HONDA_RECEIVABLES_LLC_2026-02-03_424H.htm,True
AMERICAN HONDA RECEIVABLES LLC,0000890975,424H,2025-10-29,0001104659-25-103730,000110465925103730,tm2527753d3_424h.htm,424H,https://www.sec.gov/Archives/edgar/data/890975/000110465925103730/tm2527753d3_424h.htm,https://www.sec.gov/Archives/edgar/data/890975/000110465925103730/0001104659-25-103730-index.htm,./data_v1\AMERICAN_HONDA_RECEIVABLES_LLC_2025-10-29_424H.htm,True
AMERICAN HONDA RECEIVABLES LLC,0000890975,424H,2025-07-30,0001104659-25-072043,000110465925072043,tm2520905d3_424h.htm,424H,https://www.sec.gov/Archives/edgar/data/890975/000110465925072043/tm2520905d3_424h.htm,https://www.sec.gov/Archives/edgar/data/890975/000110465925072043/0001104659-25-072043-index.htm,./data_v1\AMERICAN_HONDA_RECEIVABLES_LLC_2025-07-30_424H.htm,True
AMERICAN HONDA RECEIVABLES LLC,0000890975,424H,2025-04-24,0001104659-25-038454,000110465925038454,tm2511120d4_424h.htm,424H,https://www.sec.gov/Archives/edgar/data/890975/000110465925038454/tm2511120d4_424h.htm,https://www.sec.gov/Archives/edgar/data/890975/000110465925038454/0001104659-25-038454-index.htm,./data_v1\AMERICAN_HONDA_RECEIVABLES_LLC_2025-04-24_424H.htm,True
AMERICAN HONDA RECEIVABLES LLC,0000890975,424H,2025-01-29,0001104659-25-007138,000110465925007138,tm2429763d5_424h.htm,424H,https://www.sec.gov/Archives/edgar/data/890975/000110465925007138/tm2429763d5_424h.htm,https://www.sec.gov/Archives/edgar/data/890975/000110465925007138/0001104659-25-007138-index.htm,./data_v1\AMERICAN_HONDA_RECEIVABLES_LLC_2025-01-29_424H.htm,True
AMERICAN HONDA RECEIVABLES LLC,0000890975,424H,2024-10-08,0001104659-24-107060,000110465924107060,tm2424075d3_424h.htm,424H,https://www.sec.gov/Archives/edgar/data/890975/000110465924107060/tm2424075d3_424h.htm,https://www.sec.gov/Archives/edgar/data/890975/000110465924107060/0001104659-24-107060-index.htm,./data_v1\AMERICAN_HONDA_RECEIVABLES_LLC_2024-10-08_424H.htm,True
AMERICAN HONDA RECEIVABLES LLC,0000890975,424H,2024-08-06,0001104659-24-086321,000110465924086321,tm2418985d3_424h.htm,424H,https://www.sec.gov/Archives/edgar/data/890975/000110465924086321/tm2418985d3_424h.htm,https://www.sec.gov/Archives/edgar/data/890975/000110465924086321/0001104659-24-086321-index.htm,./data_v1\AMERICAN_HONDA_RECEIVABLES_LLC_2024-08-06_424H.htm,True
AMERICAN HONDA RECEIVABLES LLC,0000890975,424H,2024-05-07,0001104659-24-058047,000110465924058047,tm2411701d4_424h.htm,424H,https://www.sec.gov/Archives/edgar/data/890975/000110465924058047/tm2411701d4_424h.htm,https://www.sec.gov/Archives/edgar/data/890975/000110465924058047/0001104659-24-058047-index.htm,./data_v1\AMERICAN_HONDA_RECEIVABLES_LLC_2024-05-07_424H.htm,True
Ally Auto Assets LLC,0001477336,424H,2026-02-26,0001193125-26-073646,000119312526073646,d87563d424h.htm,424H,https://www.sec.gov/Archives/edgar/data/1477336/000119312526073646/d87563d424h.htm,https://www.sec.gov/Archives/edgar/data/1477336/000119312526073646/0001193125-26-073646-index.htm,./data_v1\Ally_Auto_Assets_LLC_2026-02-26_424H.htm,True
Ally Auto Assets LLC,0001477336,424H,2025-10-01,0001193125-25-226259,000119312525226259,d93972d424h.htm,424H,https://www.sec.gov/Archives/edgar/data/1477336/000119312525226259/d93972d424h.htm,https://www.sec.gov/Archives/edgar/data/1477336/000119312525226259/0001193125-25-226259-index.htm,./data_v1\Ally_Auto_Assets_LLC_2025-10-01_424H.htm,True
Ally Auto Assets LLC,0001477336,424H,2024-09-19,0001193125-24-221798,000119312524221798,d844229d424h.htm,424H,https://www.sec.gov/Archives/edgar/data/1477336/000119312524221798/d844229d424h.htm,https://www.sec.gov/Archives/edgar/data/1477336/000119312524221798/0001193125-24-221798-index.htm,./data_v1\Ally_Auto_Assets_LLC_2024-09-19_424H.htm,True
Ally Auto Assets LLC,0001477336,424H,2024-02-28,0001193125-24-049659,000119312524049659,d716471d424h.htm,424H,https://www.sec.gov/Archives/edgar/data/1477336/000119312524049659/d716471d424h.htm,https://www.sec.gov/Archives/edgar/data/1477336/000119312524049659/0001193125-24-049659-index.htm,./data_v1\Ally_Auto_Assets_LLC_2024-02-28_424H.htm,True
AFS SENSUB CORP.,0001347185,424H,2026-07-02,0001193125-26-294517,000119312526294517,d12434d424h.htm,424H,https://www.sec.gov/Archives/edgar/data/1347185/000119312526294517/d12434d424h.htm,https://www.sec.gov/Archives/edgar/data/1347185/000119312526294517/0001193125-26-294517-index.htm,./data_v1\AFS_SENSUB_CORP__2026-07-02_424H.htm,True
AFS SENSUB CORP.,0001347185,424H,2026-04-03,0001193125-26-142046,000119312526142046,d102168d424h.htm,424H,https://www.sec.gov/Archives/edgar/data/1347185/000119312526142046/d102168d424h.htm,https://www.sec.gov/Archives/edgar/data/1347185/000119312526142046/0001193125-26-142046-index.htm,./data_v1\AFS_SENSUB_CORP__2026-04-03_424H.htm,True
AFS SENSUB CORP.,0001347185,424H,2026-01-05,0001193125-26-002340,000119312526002340,d45533d424h.htm,424H,https://www.sec.gov/Archives/edgar/data/1347185/000119312526002340/d45533d424h.htm,https://www.sec.gov/Archives/edgar/data/1347185/000119312526002340/0001193125-26-002340-index.htm,./data_v1\AFS_SENSUB_CORP__2026-01-05_424H.htm,True
AFS SENSUB CORP.,0001347185,424H,2025-10-23,0001193125-25-248485,000119312525248485,d58892d424h.htm,424H,https://www.sec.gov/Archives/edgar/data/1347185/000119312525248485/d58892d424h.htm,https://www.sec.gov/Archives/edgar/data/1347185/000119312525248485/0001193125-25-248485-index.htm,./data_v1\AFS_SENSUB_CORP__2025-10-23_424H.htm,True
AFS SENSUB CORP.,0001347185,424H,2025-07-03,0001193125-25-155549,000119312525155549,d918278d424h.htm,424H,https://www.sec.gov/Archives/edgar/data/1347185/000119312525155549/d918278d424h.htm,https://www.sec.gov/Archives/edgar/data/1347185/000119312525155549/0001193125-25-155549-index.htm,./data_v1\AFS_SENSUB_CORP__2025-07-03_424H.htm,True
AFS SENSUB CORP.,0001347185,424H,2025-05-01,0001193125-25-109987,000119312525109987,d111258d424h.htm,424H,https://www.sec.gov/Archives/edgar/data/1347185/000119312525109987/d111258d424h.htm,https://www.sec.gov/Archives/edgar/data/1347185/000119312525109987/0001193125-25-109987-index.htm,./data_v1\AFS_SENSUB_CORP__2025-05-01_424H.htm,True
AFS SENSUB CORP.,0001347185,424H,2025-01-06,0001193125-25-002125,000119312525002125,d909372d424h.htm,424H,https://www.sec.gov/Archives/edgar/data/1347185/000119312525002125/d909372d424h.htm,https://www.sec.gov/Archives/edgar/data/1347185/000119312525002125/0001193125-25-002125-index.htm,./data_v1\AFS_SENSUB_CORP__2025-01-06_424H.htm,True
AFS SENSUB CORP.,0001347185,424H,2024-10-02,0001193125-24-231284,000119312524231284,d847362d424h.htm,424H,https://www.sec.gov/Archives/edgar/data/1347185/000119312524231284/d847362d424h.htm,https://www.sec.gov/Archives/edgar/data/1347185/000119312524231284/0001193125-24-231284-index.htm,./data_v1\AFS_SENSUB_CORP__2024-10-02_424H.htm,True
AFS SENSUB CORP.,0001347185,424H,2024-06-26,0001193125-24-169068,000119312524169068,d792078d424h.htm,424H,https://www.sec.gov/Archives/edgar/data/1347185/000119312524169068/d792078d424h.htm,https://www.sec.gov/Archives/edgar/data/1347185/000119312524169068/0001193125-24-169068-index.htm,./data_v1\AFS_SENSUB_CORP__2024-06-26_424H.htm,True
AFS SENSUB CORP.,0001347185,424H,2024-05-15,0001193125-24-139394,000119312524139394,d679938d424h.htm,424H,https://www.sec.gov/Archives/edgar/data/1347185/000119312524139394/d679938d424h.htm,https://www.sec.gov/Archives/edgar/data/1347185/000119312524139394/0001193125-24-139394-index.htm,./data_v1\AFS_SENSUB_CORP__2024-05-15_424H.htm,True
SANTANDER DRIVE AUTO RECEIVABLES LLC,0001383094,424H,2026-02-11,0001193125-26-046579,000119312526046579,d33515d424h.htm,424H,https://www.sec.gov/Archives/edgar/data/1383094/000119312526046579/d33515d424h.htm,https://www.sec.gov/Archives/edgar/data/1383094/000119312526046579/0001193125-26-046579-index.htm,./data_v1\SANTANDER_DRIVE_AUTO_RECEIVABLES_LLC_2026-02-11_424H.htm,True
SANTANDER DRIVE AUTO RECEIVABLES LLC,0001383094,424H,2025-11-06,0001193125-25-269645,000119312525269645,d86784d424h.htm,424H,https://www.sec.gov/Archives/edgar/data/1383094/000119312525269645/d86784d424h.htm,https://www.sec.gov/Archives/edgar/data/1383094/000119312525269645/0001193125-25-269645-index.htm,./data_v1\SANTANDER_DRIVE_AUTO_RECEIVABLES_LLC_2025-11-06_424H.htm,True
SANTANDER DRIVE AUTO RECEIVABLES LLC,0001383094,424H,2025-09-10,0001193125-25-200143,000119312525200143,d72018d424h.htm,424H,https://www.sec.gov/Archives/edgar/data/1383094/000119312525200143/d72018d424h.htm,https://www.sec.gov/Archives/edgar/data/1383094/000119312525200143/0001193125-25-200143-index.htm,./data_v1\SANTANDER_DRIVE_AUTO_RECEIVABLES_LLC_2025-09-10_424H.htm,True
SANTANDER DRIVE AUTO RECEIVABLES LLC,0001383094,424H,2025-07-17,0001193125-25-160513,000119312525160513,d40585d424h.htm,424H,https://www.sec.gov/Archives/edgar/data/1383094/000119312525160513/d40585d424h.htm,https://www.sec.gov/Archives/edgar/data/1383094/000119312525160513/0001193125-25-160513-index.htm,./data_v1\SANTANDER_DRIVE_AUTO_RECEIVABLES_LLC_2025-07-17_424H.htm,True
SANTANDER DRIVE AUTO RECEIVABLES LLC,0001383094,424H,2025-05-14,0001193125-25-119930,000119312525119930,d862889d424h.htm,424H,https://www.sec.gov/Archives/edgar/data/1383094/000119312525119930/d862889d424h.htm,https://www.sec.gov/Archives/edgar/data/1383094/000119312525119930/0001193125-25-119930-index.htm,./data_v1\SANTANDER_DRIVE_AUTO_RECEIVABLES_LLC_2025-05-14_424H.htm,True
SANTANDER DRIVE AUTO RECEIVABLES LLC,0001383094,424H,2025-03-12,0001193125-25-052978,000119312525052978,d904180d424h.htm,424H,https://www.sec.gov/Archives/edgar/data/1383094/000119312525052978/d904180d424h.htm,https://www.sec.gov/Archives/edgar/data/1383094/000119312525052978/0001193125-25-052978-index.htm,./data_v1\SANTANDER_DRIVE_AUTO_RECEIVABLES_LLC_2025-03-12_424H.htm,True
SANTANDER DRIVE AUTO RECEIVABLES LLC,0001383094,424H,2025-01-10,0001193125-25-004311,000119312525004311,d833872d424h.htm,FORM 424(H),https://www.sec.gov/Archives/edgar/data/1383094/000119312525004311/d833872d424h.htm,https://www.sec.gov/Archives/edgar/data/1383094/000119312525004311/0001193125-25-004311-index.htm,./data_v1\SANTANDER_DRIVE_AUTO_RECEIVABLES_LLC_2025-01-10_424H.htm,True
SANTANDER DRIVE AUTO RECEIVABLES LLC,0001383094,424H,2024-10-10,0001193125-24-235914,000119312524235914,d882670d424h.htm,FORM 424(H),https://www.sec.gov/Archives/edgar/data/1383094/000119312524235914/d882670d424h.htm,https://www.sec.gov/Archives/edgar/data/1383094/000119312524235914/0001193125-24-235914-index.htm,./data_v1\SANTANDER_DRIVE_AUTO_RECEIVABLES_LLC_2024-10-10_424H.htm,True
SANTANDER DRIVE AUTO RECEIVABLES LLC,0001383094,424H,2024-09-11,0001193125-24-217251,000119312524217251,d854647d424h.htm,FORM 424(H),https://www.sec.gov/Archives/edgar/data/1383094/000119312524217251/d854647d424h.htm,https://www.sec.gov/Archives/edgar/data/1383094/000119312524217251/0001193125-24-217251-index.htm,./data_v1\SANTANDER_DRIVE_AUTO_RECEIVABLES_LLC_2024-09-11_424H.htm,True
SANTANDER DRIVE AUTO RECEIVABLES LLC,0001383094,424H,2024-08-07,0001193125-24-195900,000119312524195900,d781831d424h.htm,FORM 424(H),https://www.sec.gov/Archives/edgar/data/1383094/000119312524195900/d781831d424h.htm,https://www.sec.gov/Archives/edgar/data/1383094/000119312524195900/0001193125-24-195900-index.htm,./data_v1\SANTANDER_DRIVE_AUTO_RECEIVABLES_LLC_2024-08-07_424H.htm,True
BMW AUTO LEASING LLC,0001126530,424H,2026-04-09,0000929638-26-001443,000092963826001443,bmw2026-1_424h.htm,,https://www.sec.gov/Archives/edgar/data/1126530/000092963826001443/bmw2026-1_424h.htm,https://www.sec.gov/Archives/edgar/data/1126530/000092963826001443/0000929638-26-001443-index.htm,./data_v1\BMW_AUTO_LEASING_LLC_2026-04-09_424H.htm,True
BMW AUTO LEASING LLC,0001126530,424H,2025-10-02,0000929638-25-003725,000092963825003725,bmw2025-2_424h.htm,,https://www.sec.gov/Archives/edgar/data/1126530/000092963825003725/bmw2025-2_424h.htm,https://www.sec.gov/Archives/edgar/data/1126530/000092963825003725/0000929638-25-003725-index.htm,./data_v1\BMW_AUTO_LEASING_LLC_2025-10-02_424H.htm,True
BMW AUTO LEASING LLC,0001126530,424H,2025-05-29,0000929638-25-002102,000092963825002102,bmw2025-1_424h.htm,,https://www.sec.gov/Archives/edgar/data/1126530/000092963825002102/bmw2025-1_424h.htm,https://www.sec.gov/Archives/edgar/data/1126530/000092963825002102/0000929638-25-002102-index.htm,./data_v1\BMW_AUTO_LEASING_LLC_2025-05-29_424H.htm,True
BMW AUTO LEASING LLC,0001126530,424H,2024-09-26,0000929638-24-003242,000092963824003242,bmw2024-2_424h.htm,,https://www.sec.gov/Archives/edgar/data/1126530/000092963824003242/bmw2024-2_424h.htm,https://www.sec.gov/Archives/edgar/data/1126530/000092963824003242/0000929638-24-003242-index.htm,./data_v1\BMW_AUTO_LEASING_LLC_2024-09-26_424H.htm,True
BMW AUTO LEASING LLC,0001126530,424H,2024-02-01,0000929638-24-000341,000092963824000341,bmw2024-1_424h.htm,,https://www.sec.gov/Archives/edgar/data/1126530/000092963824000341/bmw2024-1_424h.htm,https://www.sec.gov/Archives/edgar/data/1126530/000092963824000341/0000929638-24-000341-index.htm,./data_v1\BMW_AUTO_LEASING_LLC_2024-02-01_424H.htm,True
Verizon ABS II LLC,0001836995,424H,2026-06-22,0000929638-26-002288,000092963826002288,a424h.htm,,https://www.sec.gov/Archives/edgar/data/1836995/000092963826002288/a424h.htm,https://www.sec.gov/Archives/edgar/data/1836995/000092963826002288/0000929638-26-002288-index.htm,./data_v1\Verizon_ABS_II_LLC_2026-06-22_424H.htm,True
Verizon ABS II LLC,0001836995,424H,2026-03-02,0000929638-26-000770,000092963826000770,a424h.htm,,https://www.sec.gov/Archives/edgar/data/1836995/000092963826000770/a424h.htm,https://www.sec.gov/Archives/edgar/data/1836995/000092963826000770/0000929638-26-000770-index.htm,./data_v1\Verizon_ABS_II_LLC_2026-03-02_424H.htm,True
Verizon ABS II LLC,0001836995,424H,2025-11-13,0000929638-25-004237,000092963825004237,a424h.htm,,https://www.sec.gov/Archives/edgar/data/1836995/000092963825004237/a424h.htm,https://www.sec.gov/Archives/edgar/data/1836995/000092963825004237/0000929638-25-004237-index.htm,./data_v1\Verizon_ABS_II_LLC_2025-11-13_424H.htm,True
Verizon ABS II LLC,0001836995,424H,2025-09-03,0000929638-25-003345,000092963825003345,a424h.htm,,https://www.sec.gov/Archives/edgar/data/1836995/000092963825003345/a424h.htm,https://www.sec.gov/Archives/edgar/data/1836995/000092963825003345/0000929638-25-003345-index.htm,./data_v1\Verizon_ABS_II_LLC_2025-09-03_424H.htm,True
Verizon ABS II LLC,0001836995,424H,2025-08-04,0000929638-25-002868,000092963825002868,a424h.htm,,https://www.sec.gov/Archives/edgar/data/1836995/000092963825002868/a424h.htm,https://www.sec.gov/Archives/edgar/data/1836995/000092963825002868/0000929638-25-002868-index.htm,./data_v1\Verizon_ABS_II_LLC_2025-08-04_424H.htm,True
Verizon ABS II LLC,0001836995,424H,2025-08-04,0000929638-25-002866,000092963825002866,a424h.htm,,https://www.sec.gov/Archives/edgar/data/1836995/000092963825002866/a424h.htm,https://www.sec.gov/Archives/edgar/data/1836995/000092963825002866/0000929638-25-002866-index.htm,./data_v1\Verizon_ABS_II_LLC_2025-08-04_424H.htm,True
Verizon ABS II LLC,0001836995,424H,2025-08-04,0000929638-25-002864,000092963825002864,a424h.htm,,https://www.sec.gov/Archives/edgar/data/1836995/000092963825002864/a424h.htm,https://www.sec.gov/Archives/edgar/data/1836995/000092963825002864/0000929638-25-002864-index.htm,./data_v1\Verizon_ABS_II_LLC_2025-08-04_424H.htm,True
Verizon ABS II LLC,0001836995,424H,2025-08-04,0000929638-25-002862,000092963825002862,a424h.htm,,https://www.sec.gov/Archives/edgar/data/1836995/000092963825002862/a424h.htm,https://www.sec.gov/Archives/edgar/data/1836995/000092963825002862/0000929638-25-002862-index.htm,./data_v1\Verizon_ABS_II_LLC_2025-08-04_424H.htm,True
Verizon ABS II LLC,0001836995,424H,2025-07-22,0000929638-25-002656,000092963825002656,a424h.htm,,https://www.sec.gov/Archives/edgar/data/1836995/000092963825002656/a424h.htm,https://www.sec.gov/Archives/edgar/data/1836995/000092963825002656/0000929638-25-002656-index.htm,./data_v1\Verizon_ABS_II_LLC_2025-07-22_424H.htm,True
Verizon ABS II LLC,0001836995,424H,2025-07-22,0000929638-25-002655,000092963825002655,a424h.htm,,https://www.sec.gov/Archives/edgar/data/1836995/000092963825002655/a424h.htm,https://www.sec.gov/Archives/edgar/data/1836995/000092963825002655/0000929638-25-002655-index.htm,./data_v1\Verizon_ABS_II_LLC_2025-07-22_424H.htm,True
AMERICAN EXPRESS CREDIT ACCOUNT MASTER TRUST,0001003509,424H,2025-07-10,0001193125-25-157440,000119312525157440,d17017d424h.htm,424H,https://www.sec.gov/Archives/edgar/data/1003509/000119312525157440/d17017d424h.htm,https://www.sec.gov/Archives/edgar/data/1003509/000119312525157440/0001193125-25-157440-index.htm,./data_v1\AMERICAN_EXPRESS_CREDIT_ACCOUNT_MASTER_TRUST_2025-07-10_424H.htm,True
AMERICAN EXPRESS CREDIT ACCOUNT MASTER TRUST,0001003509,424H,2025-07-10,0001193125-25-157438,000119312525157438,d878856d424h.htm,424H,https://www.sec.gov/Archives/edgar/data/1003509/000119312525157438/d878856d424h.htm,https://www.sec.gov/Archives/edgar/data/1003509/000119312525157438/0001193125-25-157438-index.htm,./data_v1\AMERICAN_EXPRESS_CREDIT_ACCOUNT_MASTER_TRUST_2025-07-10_424H.htm,True
AMERICAN EXPRESS CREDIT ACCOUNT MASTER TRUST,0001003509,424H,2025-05-01,0001193125-25-109170,000119312525109170,d947785d424h.htm,424H,https://www.sec.gov/Archives/edgar/data/1003509/000119312525109170/d947785d424h.htm,https://www.sec.gov/Archives/edgar/data/1003509/000119312525109170/0001193125-25-109170-index.htm,./data_v1\AMERICAN_EXPRESS_CREDIT_ACCOUNT_MASTER_TRUST_2025-05-01_424H.htm,True
AMERICAN EXPRESS CREDIT ACCOUNT MASTER TRUST,0001003509,424H,2025-05-01,0001193125-25-109153,000119312525109153,d936181d424h.htm,424H,https://www.sec.gov/Archives/edgar/data/1003509/000119312525109153/d936181d424h.htm,https://www.sec.gov/Archives/edgar/data/1003509/000119312525109153/0001193125-25-109153-index.htm,./data_v1\AMERICAN_EXPRESS_CREDIT_ACCOUNT_MASTER_TRUST_2025-05-01_424H.htm,True
AMERICAN EXPRESS CREDIT ACCOUNT MASTER TRUST,0001003509,424H,2025-01-30,0001193125-25-015957,000119312525015957,d764677d424h.htm,424H,https://www.sec.gov/Archives/edgar/data/1003509/000119312525015957/d764677d424h.htm,https://www.sec.gov/Archives/edgar/data/1003509/000119312525015957/0001193125-25-015957-index.htm,./data_v1\AMERICAN_EXPRESS_CREDIT_ACCOUNT_MASTER_TRUST_2025-01-30_424H.htm,True
AMERICAN EXPRESS CREDIT ACCOUNT MASTER TRUST,0001003509,424H,2024-07-11,0001193125-24-177529,000119312524177529,d105166d424h.htm,424H,https://www.sec.gov/Archives/edgar/data/1003509/000119312524177529/d105166d424h.htm,https://www.sec.gov/Archives/edgar/data/1003509/000119312524177529/0001193125-24-177529-index.htm,./data_v1\AMERICAN_EXPRESS_CREDIT_ACCOUNT_MASTER_TRUST_2024-07-11_424H.htm,True
AMERICAN EXPRESS CREDIT ACCOUNT MASTER TRUST,0001003509,424H,2024-04-11,0001193125-24-092834,000119312524092834,d19227d424h.htm,424H,https://www.sec.gov/Archives/edgar/data/1003509/000119312524092834/d19227d424h.htm,https://www.sec.gov/Archives/edgar/data/1003509/000119312524092834/0001193125-24-092834-index.htm,./data_v1\AMERICAN_EXPRESS_CREDIT_ACCOUNT_MASTER_TRUST_2024-04-11_424H.htm,True
AMERICAN EXPRESS CREDIT ACCOUNT MASTER TRUST,0001003509,424H,2024-04-11,0001193125-24-092825,000119312524092825,d788844d424h.htm,424H,https://www.sec.gov/Archives/edgar/data/1003509/000119312524092825/d788844d424h.htm,https://www.sec.gov/Archives/edgar/data/1003509/000119312524092825/0001193125-24-092825-index.htm,./data_v1\AMERICAN_EXPRESS_CREDIT_ACCOUNT_MASTER_TRUST_2024-04-11_424H.htm,True
WELLS FARGO COMMERCIAL MORTGAGE SECURITIES INC,0000850779,424H,2026-06-10,0001539497-26-001721,000153949726001721,n5926_x7-424h.htm,424H,https://www.sec.gov/Archives/edgar/data/850779/000153949726001721/n5926_x7-424h.htm,https://www.sec.gov/Archives/edgar/data/850779/000153949726001721/0001539497-26-001721-index.htm,./data_v1\WELLS_FARGO_COMMERCIAL_MORTGAGE_SECURITIES_INC_2026-06-10_424H.htm,True
WELLS FARGO COMMERCIAL MORTGAGE SECURITIES INC,0000850779,424H,2026-05-15,0001539497-26-001479,000153949726001479,n5888_x6-424h.htm,424H,https://www.sec.gov/Archives/edgar/data/850779/000153949726001479/n5888_x6-424h.htm,https://www.sec.gov/Archives/edgar/data/850779/000153949726001479/0001539497-26-001479-index.htm,./data_v1\WELLS_FARGO_COMMERCIAL_MORTGAGE_SECURITIES_INC_2026-05-15_424H.htm,True
WELLS FARGO COMMERCIAL MORTGAGE SECURITIES INC,0000850779,424H,2026-05-05,0001539497-26-001332,000153949726001332,n5864_x7-424h.htm,424H,https://www.sec.gov/Archives/edgar/data/850779/000153949726001332/n5864_x7-424h.htm,https://www.sec.gov/Archives/edgar/data/850779/000153949726001332/0001539497-26-001332-index.htm,./data_v1\WELLS_FARGO_COMMERCIAL_MORTGAGE_SECURITIES_INC_2026-05-05_424H.htm,True
WELLS FARGO COMMERCIAL MORTGAGE SECURITIES INC,0000850779,424H,2026-03-23,0001539497-26-000989,000153949726000989,n5754_x7-424h.htm,424H,https://www.sec.gov/Archives/edgar/data/850779/000153949726000989/n5754_x7-424h.htm,https://www.sec.gov/Archives/edgar/data/850779/000153949726000989/0001539497-26-000989-index.htm,./data_v1\WELLS_FARGO_COMMERCIAL_MORTGAGE_SECURITIES_INC_2026-03-23_424H.htm,True
WELLS FARGO COMMERCIAL MORTGAGE SECURITIES INC,0000850779,424H,2026-02-11,0001539497-26-000350,000153949726000350,n5644_x6-424h.htm,PRELIMINARY PROSPECTUS,https://www.sec.gov/Archives/edgar/data/850779/000153949726000350/n5644_x6-424h.htm,https://www.sec.gov/Archives/edgar/data/850779/000153949726000350/0001539497-26-000350-index.htm,./data_v1\WELLS_FARGO_COMMERCIAL_MORTGAGE_SECURITIES_INC_2026-02-11_424H.htm,True
WELLS FARGO COMMERCIAL MORTGAGE SECURITIES INC,0000850779,424H,2025-12-08,0001539497-25-003202,000153949725003202,n5486_x7-424h.htm,424H,https://www.sec.gov/Archives/edgar/data/850779/000153949725003202/n5486_x7-424h.htm,https://www.sec.gov/Archives/edgar/data/850779/000153949725003202/0001539497-25-003202-index.htm,./data_v1\WELLS_FARGO_COMMERCIAL_MORTGAGE_SECURITIES_INC_2025-12-08_424H.htm,True
WELLS FARGO COMMERCIAL MORTGAGE SECURITIES INC,0000850779,424H,2025-12-01,0001539497-25-003085,000153949725003085,n5438_x7-424h.htm,PRELIMINARY PROSPECTUS,https://www.sec.gov/Archives/edgar/data/850779/000153949725003085/n5438_x7-424h.htm,https://www.sec.gov/Archives/edgar/data/850779/000153949725003085/0001539497-25-003085-index.htm,./data_v1\WELLS_FARGO_COMMERCIAL_MORTGAGE_SECURITIES_INC_2025-12-01_424H.htm,True
WELLS FARGO COMMERCIAL MORTGAGE SECURITIES INC,0000850779,424H,2025-11-13,0001539497-25-002946,000153949725002946,n5416_x4-424h.htm,424H,https://www.sec.gov/Archives/edgar/data/850779/000153949725002946/n5416_x4-424h.htm,https://www.sec.gov/Archives/edgar/data/850779/000153949725002946/0001539497-25-002946-index.htm,./data_v1\WELLS_FARGO_COMMERCIAL_MORTGAGE_SECURITIES_INC_2025-11-13_424H.htm,True
WELLS FARGO COMMERCIAL MORTGAGE SECURITIES INC,0000850779,424H,2025-09-30,0001539497-25-002565,000153949725002565,n5316_x8-424h.htm,424H,https://www.sec.gov/Archives/edgar/data/850779/000153949725002565/n5316_x8-424h.htm,https://www.sec.gov/Archives/edgar/data/850779/000153949725002565/0001539497-25-002565-index.htm,./data_v1\WELLS_FARGO_COMMERCIAL_MORTGAGE_SECURITIES_INC_2025-09-30_424H.htm,True
WELLS FARGO COMMERCIAL MORTGAGE SECURITIES INC,0000850779,424H,2025-09-17,0001539497-25-002386,000153949725002386,n5285_x6-424h.htm,424H,https://www.sec.gov/Archives/edgar/data/850779/000153949725002386/n5285_x6-424h.htm,https://www.sec.gov/Archives/edgar/data/850779/000153949725002386/0001539497-25-002386-index.htm,./data_v1\WELLS_FARGO_COMMERCIAL_MORTGAGE_SECURITIES_INC_2025-09-17_424H.htm,True
