company,deal_name,asset_type,filing_date,cutoff_date,issuing_entity_cik,registration_number,depositor,sponsor_servicer,aggregate_principal_amount,total_principal_balance,number_of_receivables,avg_principal_balance,wa_apr,wa_fico,wa_original_term,wa_remaining_term,aggregate_securitization_value,aggregate_residual_value,total_trust_receivables,number_of_accounts,number_of_loans,number_of_properties,wa_ltv,wa_dscr,first_payment_date,credit_enhancement_types,quality_flags,filename
TOYOTA,Toyota Auto Receivables 2024-B Owner Trust,auto_loans,2024-04-18,"February 29, 2024",0002012786,333-259868,Toyota Auto Finance Receivables LLC,Toyota Motor Credit Corporation,$1350000000,$1447406675.12,54194,$26707.88,5.70,767,65.73,54.53,,,,,,,,,"May 15, 2024","reserve account, overcollateralization, subordination, excess interest/spread, yield supplement OC",,TOYOTA_AUTO_FINANCE_RECEIVABLES_LLC_2024-04-18_424H_clean.txt
TOYOTA,Toyota Auto Receivables 2024-C Owner Trust,auto_loans,2024-07-17,"May 31, 2024",0002026605,333-259868,Toyota Auto Finance Receivables LLC,Toyota Motor Credit Corporation,$1350000000,$1438463084.47,53023,$27129.04,6.05,769,65.40,54.19,,,,,,,,,"August 15, 2024","reserve account, overcollateralization, subordination, excess interest/spread, yield supplement OC",,TOYOTA_AUTO_FINANCE_RECEIVABLES_LLC_2024-07-17_424H_clean.txt
TOYOTA,Toyota Auto Receivables 2024-D Owner Trust,auto_loans,2024-10-07,"August 31, 2024",0002036936,333-259868,Toyota Auto Finance Receivables LLC,Toyota Motor Credit Corporation,$1350000000,$1421062913.29,53545,$26539.60,5.96,770,65.36,53.38,,,,,,,,,"November 15, 2024","reserve account, overcollateralization, subordination, excess interest/spread, yield supplement OC",,TOYOTA_AUTO_FINANCE_RECEIVABLES_LLC_2024-10-07_424H_clean.txt
TOYOTA,Toyota Auto Receivables 2025-A Owner Trust,auto_loans,2025-01-15,"November 30, 2024",0002047571,333-281727,Toyota Auto Finance Receivables LLC,Toyota Motor Credit Corporation,$1500000000,$1560796878.37,54550,$28612.23,6.01,769,65.72,54.23,,,,,,,,,"February 18, 2025","reserve account, overcollateralization, subordination, excess interest/spread, yield supplement OC",,TOYOTA_AUTO_FINANCE_RECEIVABLES_LLC_2025-01-15_424H_clean.txt
TOYOTA,Toyota Auto Finance Receivables LLC,auto_loans,2025-04-21,"February 28, 2025",0002058316,333-281727,Toyota Auto Finance Receivables LLC,Toyota Motor Credit Corporation,$1250000000,$1308465017.22,46084,$28393.04,6.05,769,65.70,54.11,,,,,,,,,"May 15, 2025","reserve account, overcollateralization, subordination, excess interest/spread, yield supplement OC",,TOYOTA_AUTO_FINANCE_RECEIVABLES_LLC_2025-04-21_424H_clean.txt
TOYOTA,Toyota Auto Receivables 2025-C Owner Trust,auto_loans,2025-07-16,"May 31, 2025",0002063142,333-281727,Toyota Auto Finance Receivables LLC,Toyota Motor Credit Corporation,$1300000000,$1369417870.87,47067,$29095.07,5.86,770,65.67,54.52,,,,,,,,,"August 15, 2025","reserve account, overcollateralization, subordination, excess interest/spread, yield supplement OC",,TOYOTA_AUTO_FINANCE_RECEIVABLES_LLC_2025-07-16_424H_clean.txt
TOYOTA,Toyota Auto Receivables 2025-D Owner Trust,auto_loans,2025-10-08,"August 31, 2025",0002063141,333-281727,Toyota Auto Finance Receivables LLC,Toyota Motor Credit Corporation,$1300000000,$1367574996.41,46421,$29460.27,5.71,771,65.78,54.68,,,,,,,,,"November 17, 2025","reserve account, overcollateralization, subordination, excess interest/spread, yield supplement OC",,TOYOTA_AUTO_FINANCE_RECEIVABLES_LLC_2025-10-08_424H_clean.txt
TOYOTA,Toyota Auto Receivables 2026-A Owner Trust,auto_loans,2026-01-07,"November 30, 2025",0002099539,333-281727,Toyota Auto Finance Receivables LLC,Toyota Motor Credit Corporation,$1300000000,$1365228459.75,45059,$30298.69,5.68,771,65.91,54.95,,,,,,,,,"February 17, 2026","reserve account, overcollateralization, subordination, excess interest/spread, yield supplement OC",,TOYOTA_AUTO_FINANCE_RECEIVABLES_LLC_2026-01-07_424H_clean.txt
TOYOTA,Toyota Auto Receivables 2026-B Owner Trust,auto_loans,2026-04-08,"February 28, 2026",0002099540,333-281727,Toyota Auto Finance Receivables LLC,Toyota Motor Credit Corporation,$1300000000,$1369227358.77,45323,$30210.43,5.56,770,66.01,54.87,,,,,,,,,"May 15, 2026","reserve account, overcollateralization, subordination, excess interest/spread, yield supplement OC",,TOYOTA_AUTO_FINANCE_RECEIVABLES_LLC_2026-04-08_424H_clean.txt
TOYOTA,Toyota Auto Finance Receivables LLC,auto_loans,2026-07-08,"May 31, 2026",0002099541,333-281727,Toyota Auto Finance Receivables LLC,Toyota Motor Credit Corporation,$1300000000,$1384356047.48,46601,$29706.57,5.35,771,65.99,54.39,,,,,,,,,"August 17, 2026","reserve account, overcollateralization, subordination, excess interest/spread, yield supplement OC",,TOYOTA_AUTO_FINANCE_RECEIVABLES_LLC_2026-07-08_424H_clean.txt
HYUNDAI,Hyundai Auto Receivables Trust 2024-A,auto_loans,2024-03-06,,,333-261719,"ABS Funding, LLC",HCA was incorp,$1647010000,$1370393333.99,51568,$26574.49,5.70,766,66.59,57.87,,,,,,,,,"April 15, 2024",,missing_cik,HYUNDAI_ABS_FUNDING_LLC_2024-03-06_424H_clean.txt
HYUNDAI,Auto Receivables Trust 2024-B,auto_loans,2024-07-11,,,333-261719,"Funding, LLC",HCA was incorp,$1756400000,$1425156072.21,1792696,$18848.83,3.34,56,56,53.64,,,,,,,,,"August 15, 2024",,missing_cik;balance_average_mismatch,HYUNDAI_ABS_FUNDING_LLC_2024-07-11_424H_clean.txt
HYUNDAI,Auto Receivables Trust 2024-C,auto_loans,2024-10-02,,,333-261719,"Funding, LLC",HCA was incorp,$1301250000,$1238223758.71,52201,$26906.65,5.97,769,67.97,56.32,,,,,,,,,"November 15, 2024",,missing_cik;balance_average_mismatch,HYUNDAI_ABS_FUNDING_LLC_2024-10-02_424H_clean.txt
HYUNDAI,Auto Receivables Trust 2025-A,auto_loans,2025-02-27,,,333-261719,"Funding, LLC",HCA was incorp,$1501510000,$1638428161.37,63727,$25710.11,5.57,769,67.92,53.80,,,,,,,,,"April 15, 2025",,missing_cik,HYUNDAI_ABS_FUNDING_LLC_2025-02-27_424H_clean.txt
HYUNDAI,Auto Receivables Trust 2025-B,auto_loans,2025-05-28,,,333-284087,"ABS Funding, LLC",HCA was incorp,$1500000000,$1623126550.80,59096,$27465.93,5.95,770,67.47,55.06,,,,,,,,,"July 15, 2025",,missing_cik,HYUNDAI_ABS_FUNDING_LLC_2025-05-28_424H_clean.txt
HYUNDAI,Hyundai Auto Receivables Trust 2025-C,auto_loans,2025-09-04,,,333-284087,"ABS Funding, LLC",HCA was incorp,$1502920000,$1624220265.62,57760,$28120.16,5.61,772,67.92,55.53,,,,,,,,,"October 15, 2025",,missing_cik,HYUNDAI_ABS_FUNDING_LLC_2025-09-04_424H_clean.txt
HYUNDAI,Hyundai Auto Receivables Trust 2025-D,auto_loans,2025-10-29,,,333-284087,"ABS Funding, LLC",HCA was incorp,$1500000000,$1630971479.93,55421,$29428.76,5.37,59,67.86,58.53,,,,,,,,,"December 15, 2025",,missing_cik,HYUNDAI_ABS_FUNDING_LLC_2025-10-29_424H_clean.txt
HYUNDAI,,auto_loans,2026-02-04,,,333-284087,"ABS Funding, LLC",HCA was incorp,$1595110000,$1734904585.03,57396,$30226.92,5.38,775,67.18,58.93,,,,,,,,,"March 16, 2026",,missing_deal_name;missing_cik,HYUNDAI_ABS_FUNDING_LLC_2026-02-04_424H_clean.txt
HYUNDAI,Hyundai Auto Receivables Trust 2026-B,auto_loans,2026-06-04,,,333-284087,financial statements prepared in accordance with generally accepted accounting princ,HCA was incorp,$1600000000,$1761695622.06,57528,$30623.27,5.18,774,65.80,57.20,,,,,,,,,"July 15, 2026",,missing_cik,HYUNDAI_ABS_FUNDING_LLC_2026-06-04_424H_clean.txt
CARMAX,CarMax Select Receivables Trust 2025-A,auto_loans_subprime,2025-03-12,"February 28, 2025",,333-283219,CarMax Auto Funding LLC,"CarMax Business Services, LLC",$800000000,$645998293.83,33037,$6440.43,12.03,608.5,68.90,59.85,,,,,,,,,"April 15, 2025",,missing_cik;balance_average_mismatch,CARMAX_AUTO_FUNDING_LLC_2025-03-12_424H_clean.txt
CARMAX,CarMax Auto Owner Trust 2025-2,auto_loans_subprime,2025-04-21,,,333-283219,CarMax Auto Funding LLC,"CarMax Business Services, LLC",$1150000000,$1158690862.93,65118,,,758.7,66.43,58.74,,,,,,,,,"May 15, 2025",,missing_cik,CARMAX_AUTO_FUNDING_LLC_2025-04-21_424H_clean.txt
CARMAX,CarMax Auto Owner Trust 2025-3,auto_loans_subprime,2025-07-10,"June 30, 2025",,333-283219,CarMax Auto Funding LLC,"CarMax Business Services, LLC",$1100000000,$1105533858.65,65695,,,758.1,66.47,57.92,,,,,,,,,"August 15, 2025",,missing_cik,CARMAX_AUTO_FUNDING_LLC_2025-07-10_424H_clean.txt
CARMAX,CarMax Select Receivables Trust 2025-B,auto_loans_subprime,2025-09-09,,,333-288943,CarMax Auto Funding LLC,"CarMax Business Services, LLC",$625000000,$641026649.23,33705,,,612.5,69.41,60.16,,,,,,,,,"October 15, 2025",,missing_cik,CARMAX_AUTO_FUNDING_LLC_2025-09-09_424H_clean.txt
CARMAX,CarMax Auto Owner Trust 2025-4,auto_loans_subprime,2025-10-08,"September 30, 2025",,333-288943,CarMax Auto Funding LLC,"CarMax Business Services, LLC",$1000000000,$1005029265.43,48687,,,758.9,66.22,61.84,,,,,,,,,"November 17, 2025",,missing_cik,CARMAX_AUTO_FUNDING_LLC_2025-10-08_424H_clean.txt
CARMAX,CarMax Auto Owner Trust 2026-1,auto_loans_subprime,2026-01-14,"December 31, 2025",,333-288943,CarMax Auto Funding LLC,"CarMax Business Services, LLC",$1000000000,$1005025872.07,63782,,,760.4,67.08,58.24,,,,,,,,,"February 17, 2026",,missing_cik,CARMAX_AUTO_FUNDING_LLC_2026-01-14_424H_clean.txt
CARMAX,Select Receivables Trust 2026-A,auto_loans_subprime,2026-02-11,"January 31, 2026",,333-288943,CarMax Auto Funding LLC,"CarMax Business Services, LLC",$750000000,$769231898.52,44496,$23250.86,16.90,612.4,70.12,60.33,,,,,,,,,"March 16, 2026",,missing_cik;balance_average_mismatch,CARMAX_AUTO_FUNDING_LLC_2026-02-11_424H_clean.txt
CARMAX,CarMax Auto Owner Trust 2026-2,auto_loans_subprime,2026-04-15,"March 31, 2026",,333-288943,CarMax Auto Funding LLC,"CarMax Business Services, LLC",$1000000000,$1005025726.60,45035,,,764.4,67.06,63.41,,,,,,,,,"May 15, 2026",,missing_cik,CARMAX_AUTO_FUNDING_LLC_2026-04-15_424H_clean.txt
CARMAX,CarMax Select Receivables Trust 2026-B,auto_loans_subprime,2026-06-04,"May 31, 2026",,333-288943,CarMax Auto Funding LLC,"CarMax Business Services, LLC",$546371000,$621762247.08,31874,$23250.86,16.90,612.6,70.13,63.26,,,,,,,,,"July 15, 2026","reserve account, overcollateralization, subordination",missing_cik;balance_average_mismatch,CARMAX_AUTO_FUNDING_LLC_2026-06-04_424H_clean.txt
CARMAX,CarMax Auto Owner Trust 2026-3,auto_loans_subprime,2026-07-08,"June 30, 2026",,333-288943,CarMax Auto Funding LLC,"CarMax Business Services, LLC",$1000000000,$1002507262.68,58639,$971.53,,765.3,67.11,59.14,,,,,,,,,"August 17, 2026",,missing_cik;balance_average_mismatch,CARMAX_AUTO_FUNDING_LLC_2026-07-08_424H_clean.txt
HARLEY_DAVIDSON,Harley-Davidson Motorcycle Trust 2024-A,motorcycle_loans,2024-05-08,"April 30, 2024",0002017611,,"Davidson Financial Services, Inc.",,$550000000,$607819486.44,30209,$20120.48,9.429,758,70,60,,,,,,,,,"June 17, 2024","reserve account, overcollateralization, excess interest/spread",,HARLEY-DAVIDSON_CUSTOMER_FUNDING_CORP__2024-05-08_424H_clean.txt
HARLEY_DAVIDSON,Harley-Davidson Motorcycle Trust 2024-B,motorcycle_loans,2024-09-11,"August 31, 2024",0002034427,,"Davidson Financial Services, Inc.",,$600000000,$663075353.45,31178,$21267.41,9.354,758,70,61,,,,,,,,,"October 15, 2024","reserve account, overcollateralization, excess interest/spread",,HARLEY-DAVIDSON_CUSTOMER_FUNDING_CORP__2024-09-11_424H_clean.txt
HARLEY_DAVIDSON,Harley-Davidson Motorcycle Trust 2025-A,motorcycle_loans,2025-05-14,"April 30, 2025",0002066712,,"Davidson Financial Services, Inc.",,$500000000,$584404940.11,27886,$20956.93,9.862,752,70,61,,,,,,,,,"June 16, 2025","reserve account, overcollateralization, excess interest/spread, yield supplement OC",,HARLEY-DAVIDSON_CUSTOMER_FUNDING_CORP__2025-05-14_424H_clean.txt
AFS_SENSUB,AmeriCredit Automobile Receivables Trust 2024-1,auto_loans_subprime,2024-05-15,"April 14, 2024",0002020251,333-261851,AFS SenSub Corp.,"AmeriCredit Financial Services, Inc.",$1100310000,$1316861669.06,,$25488.84,13.55,588.,76,63,,,,,,,,,"June 18, 2024","reserve account, overcollateralization, subordination, excess interest/spread",,AFS_SENSUB_CORP__2024-05-15_424H_clean.txt
AFS_SENSUB,GM Financial Consumer Automobile Receivables Trust 2024-3,auto_loans_subprime,2024-06-26,"June 2, 2024",0002026197,333-275606,AFS SenSub Corp.,"The sponsor and servicer for the notes will be AmeriCredit Financial Services, Inc.",$1015840000,$1092441084.96,,$35460.71,5.69,,68,57,,,,,,,,,"August 16, 2024","reserve account, overcollateralization, subordination, excess interest/spread, yield supplement OC",,AFS_SENSUB_CORP__2024-06-26_424H_clean.txt
AFS_SENSUB,GM Financial Consumer Automobile Receivables Trust 2024-4,auto_loans_subprime,2024-10-02,"September 9, 2024",0002036780,333-275606,AFS SenSub Corp.,"a result of such a repurchase, the affected automobile loan contracts would be repurchased from the issuing entity, the outstanding princ",$1000200000,$1077461507.49,,$36452.59,5.82,,69,58,,,,,,,,,"November 18, 2024","reserve account, overcollateralization, subordination, excess interest/spread, yield supplement OC",,AFS_SENSUB_CORP__2024-10-02_424H_clean.txt
AFS_SENSUB,GM Financial Consumer Automobile Receivables Trust 2025-1,auto_loans_subprime,2025-01-06,"December 3, 2024",0002047316,333-275606,AFS SenSub Corp.,"a result of such a repurchase, the affected automobile loan contracts would be repurchased from the issuing entity, the outstanding princ",$1291170000,$1370319484.66,,$35846.36,6.11,,69,58,,,,,,,,,"February 18, 2025","reserve account, overcollateralization, subordination, excess interest/spread, yield supplement OC",,AFS_SENSUB_CORP__2025-01-06_424H_clean.txt
AFS_SENSUB,GM Financial Consumer Automobile Receivables Trust 2025-2,auto_loans_subprime,2025-05-01,"March 10, 2025",0002060535,333-275606,AFS SenSub Corp.,"AmeriCredit Financial Services, Inc.",$1291170000,$984216041.51,,$34984.06,5.82,,68,56,,,,,,,,,"June 16, 2025","reserve account, overcollateralization, subordination, excess interest/spread, yield supplement OC",,AFS_SENSUB_CORP__2025-05-01_424H_clean.txt
AFS_SENSUB,GM Financial Consumer Automobile Receivables Trust 2025-3,auto_loans_subprime,2025-07-03,"June 2, 2025",0002071240,333-275606,AFS SenSub Corp.,"AmeriCredit Financial Services, Inc.",$914150000,$974086270.60,,,5.70,,67,58,,,,,,,,,"August 18, 2025","reserve account, overcollateralization, subordination, excess interest/spread, yield supplement OC",,AFS_SENSUB_CORP__2025-07-03_424H_clean.txt
AFS_SENSUB,GM Financial Consumer Automobile Receivables Trust 2025-4,auto_loans_subprime,2025-10-23,"September 8, 2025",0002084404,333-275606,AFS SenSub Corp.,"a result of such a repurchase, the affected automobile loan contracts would be repurchased from the issuing entity, the outstanding princ",$900140000,$951068199.05,,$44481.17,5.86,,70,64,,,,,,,,,,"reserve account, overcollateralization, subordination, excess interest/spread, yield supplement OC",,AFS_SENSUB_CORP__2025-10-23_424H_clean.txt
AFS_SENSUB,GM Financial Consumer Automobile Receivables Trust 2026-1,auto_loans_subprime,2026-01-05,"December 8, 2025",0002099048,333-275606,AFS SenSub Corp.,"a result of such a repurchase, the affected automobile loan contracts would be repurchased from the issuing entity, the outstanding princ",$984700000,$1054072631.09,,$44299.05,5.97,,70,63,,,,,,,,,,"reserve account, overcollateralization, subordination, excess interest/spread, yield supplement OC",,AFS_SENSUB_CORP__2026-01-05_424H_clean.txt
AFS_SENSUB,GM Financial Consumer Automobile Receivables Trust 2026-2,auto_loans_subprime,2026-04-03,"March 9, 2026",0002116462,333-275606,AFS SenSub Corp.,"covenants. As a result of such a repurchase, the affected automobile loan contracts would be repurchased from the issuing entity, the outstanding princ",$1269810000,$1334985028.69,,$43881.74,6.11,,70,63,,,,,,,,,,"reserve account, overcollateralization, subordination, excess interest/spread, yield supplement OC",,AFS_SENSUB_CORP__2026-04-03_424H_clean.txt
AFS_SENSUB,GM Financial Consumer Automobile Receivables Trust 2026-3,auto_loans_subprime,2026-07-02,"June 8, 2026",0002138743,333-275606,AFS SenSub Corp.,"covenants. As a result of such a repurchase, the affected automobile loan contracts would be repurchased from the issuing entity, the outstanding princ",$1000120000,$1078805027.80,,$37708.31,5.93,,70,58,,,,,,,,,"August 17, 2026","reserve account, overcollateralization, subordination, excess interest/spread, yield supplement OC",,AFS_SENSUB_CORP__2026-07-02_424H_clean.txt
ALLY,ALLY AUTO RECEIVABLES TRUST 2024-1,auto_loans,2024-02-28,"February 1, 2024",0002010413,333-262894,ASSETS LLC,,$1059160000,$36174426,59162,,,734.63,70.97,53.76,,,,,,,,,"April 15, 2024","reserve account, overcollateralization, excess interest/spread",,Ally_Auto_Assets_LLC_2024-02-28_424H_clean.txt
ALLY,ALLY AUTO RECEIVABLES TRUST 2024-2,auto_loans,2024-09-19,"August 1, 2024",0002035124,333-262894,AUTO ASSETS LLC,,$1052430000,$35825790,61802,,,734.76,71.03,54.11,,,,,,,,,"October 15, 2024","reserve account, overcollateralization, excess interest/spread",,Ally_Auto_Assets_LLC_2024-09-19_424H_clean.txt
ALLY,ALLY AUTO RECEIVABLES TRUST 2025-1,auto_loans,2025-10-01,"September 1, 2025",0002087070,333-286053,AUTO ASSETS LLC,"delinquency ratio for the preceding annual period, the sponsor used the delinquency ratio for such preceding annual period. The maximum of the maximum delinquency ratio was utilized to account for typical seasonal inc",$1059170000,$34852067.87,58335,,,734.97,70.62,53.50,,,,,,,,,"November 17, 2025","reserve account, overcollateralization, excess interest/spread",,Ally_Auto_Assets_LLC_2025-10-01_424H_clean.txt
ALLY,ALLY AUTO RECEIVABLES TRUST 2026-1,auto_loans,2026-02-26,"February 1, 2026",0002111835,333-286053,AUTO ASSETS LLC,,$1059100000,$32139305.98,59907,,,734.12,70.39,53.46,,,,,,,,,"April 15, 2026","reserve account, overcollateralization, excess interest/spread",,Ally_Auto_Assets_LLC_2026-02-26_424H_clean.txt
AMERICAN_EXPRESS,,credit_card_revolving,2024-04-11,,,333-263871,American Express Receivables Financing Corporation III LLC,III LLC,$250000000,,,,,,,,,,$26842786830,,,,,,"May 15, 2024",subordination,missing_deal_name;missing_cik,AMERICAN_EXPRESS_CREDIT_ACCOUNT_MASTER_TRUST_2024-04-11_424H_clean.txt
AMERICAN_EXPRESS,,credit_card_revolving,2024-07-11,,,333-263871,American Express Receivables Financing Corporation III LLC,American Express Receivables Financing Corporation III LLC,$500000000,,,,,,,,,,$27271209442,14817753,,,,,"August 15, 2024",subordination,missing_deal_name;missing_cik,AMERICAN_EXPRESS_CREDIT_ACCOUNT_MASTER_TRUST_2024-07-11_424H_clean.txt
AMERICAN_EXPRESS,,credit_card_revolving,2025-01-30,,,333-263871,American Express Receivables Financing Corporation III LLC,American Express Receivables Financing Corporation III LLC,$500000000,,,,,,,,,,$28277897524,,,,,,"April 1, 2026",subordination,missing_deal_name;missing_cik,AMERICAN_EXPRESS_CREDIT_ACCOUNT_MASTER_TRUST_2025-01-30_424H_clean.txt
AMERICAN_EXPRESS,,credit_card_revolving,2025-05-01,,,333-263871,American Express Receivables Financing Corporation III LLC,American Express Receivables Financing Corporation III LLC,$250000000,,,,,,,,,,$26666976836,,,,,,"April 1, 2026",subordination,missing_deal_name;missing_cik,AMERICAN_EXPRESS_CREDIT_ACCOUNT_MASTER_TRUST_2025-05-01_424H_clean.txt
AMERICAN_EXPRESS,,credit_card_revolving,2025-07-10,,,333-263871,American Express Receivables Financing Corporation III LLC,,$250000000,,,,,,,,,,$26797475459,,,,,,"April 1, 2026",subordination,missing_deal_name;missing_cik,AMERICAN_EXPRESS_CREDIT_ACCOUNT_MASTER_TRUST_2025-07-10_424H_clean.txt
AMERICAN_HONDA,American Honda Receivables LLC,auto_loans,2024-05-07,"April 1, 2024",,333-261436-08,AMERICAN HONDA RECEIVABLES LLC,AMERICAN HONDA FINANCE CORP,$1473690000,$1511480644.21,64602,$23361.76,4.73,769,63.16,50.94,,,,,,,,,"June 18, 2024",,missing_cik;balance_average_mismatch,AMERICAN_HONDA_RECEIVABLES_LLC_2024-05-07_424H_clean.txt
AMERICAN_HONDA,American Honda Receivables LLC,auto_loans,2024-08-06,"July 1, 2024",,333-261436-09,AMERICAN HONDA RECEIVABLES LLC,American Honda Receivables LLC,$1578950000,$1619433200.90,71001,$22786.73,4.72,768,61.31,49.49,,,,,,,,,"September 23, 2024",excess interest/spread,missing_cik;balance_average_mismatch,AMERICAN_HONDA_RECEIVABLES_LLC_2024-08-06_424H_clean.txt
AMERICAN_HONDA,American Honda Receivables LLC,auto_loans,2024-10-08,"September 1, 2024",,333-261436-10,Honda Receivables LLC,American Honda Receivables LLC,$1368422000,$1403514190.13,60618,$23153.42,4.88,768,61.23,49.41,,,,,,,,,"November 15, 2024",,missing_cik,AMERICAN_HONDA_RECEIVABLES_LLC_2024-10-08_424H_clean.txt
AMERICAN_HONDA,American Honda Receivables LLC,auto_loans,2025-01-29,"January 1, 2025",,333-261436-11,AMERICAN HONDA RECEIVABLES LLC,American Honda Receivables LLC,$1684211000,$1727396411.74,74011,$23339.73,4.96,768,61.72,50.39,,,,,,,,,"March 21, 2025",,missing_cik,AMERICAN_HONDA_RECEIVABLES_LLC_2025-01-29_424H_clean.txt
AMERICAN_HONDA,American Honda Receivables LLC,auto_loans,2025-04-24,"April 1, 2025",,333-283544-01,AMERICAN HONDA RECEIVABLES LLC,American Honda Receivables LLC,$1684220000,$602000000,73301,$23565.95,4.89,769,62.07,50.08,,,,,,,,,"June 16, 2025",,missing_cik;balance_average_mismatch,AMERICAN_HONDA_RECEIVABLES_LLC_2025-04-24_424H_clean.txt
AMERICAN_HONDA,American Honda Receivables LLC,auto_loans,2025-07-30,"July 1, 2025",,333-283544-02,AMERICAN HONDA RECEIVABLES LLC,American Honda Receivables LLC,$1684220000,$584000000,73534,$23491.24,4.97,769,61.93,49.40,,,,,,,,,"September 22, 2025",,missing_cik;balance_average_mismatch,AMERICAN_HONDA_RECEIVABLES_LLC_2025-07-30_424H_clean.txt
AMERICAN_HONDA,Honda Auto Receivables 2025-4 Owner Trust,auto_loans,2025-10-29,"October 1, 2025",,333-283544-03,AMERICAN HONDA RECEIVABLES LLC,American Honda Receivables LLC,$1684220000,$602000000,73005,$23661.54,4.93,769,61.90,49.47,,,,,,,,,"December 15, 2025",,missing_cik;balance_average_mismatch,AMERICAN_HONDA_RECEIVABLES_LLC_2025-10-29_424H_clean.txt
AMERICAN_HONDA,Honda Auto Receivables 2026-1 Owner Trust,auto_loans,2026-02-03,"January 1, 2026",,333-283544-04,AMERICAN HONDA RECEIVABLES LLC,American Honda Receivables LLC,$1684211000,$2105264000,70633,$24455.94,5.00,770,61.60,50.29,,,,,,,,,"March 23, 2026",,missing_cik;balance_average_mismatch,AMERICAN_HONDA_RECEIVABLES_LLC_2026-02-03_424H_clean.txt
AMERICAN_HONDA,,auto_loans,2026-04-29,,,333-283544-05,AMERICAN HONDA RECEIVABLES LLC,AMERICAN HONDA FINANCE CORP,$1578950000,$1842110000,67831,$23874.62,4.98,768,61.89,49.73,,,,,,,,,"January 1, 2019",,missing_deal_name;missing_cik;balance_average_mismatch,AMERICAN_HONDA_RECEIVABLES_LLC_2026-04-29_424H_clean.txt
AMERICAN_HONDA,Honda Auto Receivables 2026-3 Owner Trust,auto_loans,2026-07-29,,,333-283544-06,AMERICAN HONDA RECEIVABLES LLC,AMERICAN HONDA FINANCE CORP,$1578950000,$1842110000,65408,$24758.99,4.94,770,62.69,50.65,,,,,,,,,"September 18, 2026",,missing_cik;balance_average_mismatch,AMERICAN_HONDA_RECEIVABLES_LLC_2026-07-29_424H_clean.txt
BMW,BMW Vehicle Lease Trust 2024-1,auto_leases,2024-02-01,"January 31, 2024",,333-260903,BMW Auto Leasing LLC,BMW Auto Leasing LLC,$1000000000,,,,,,36,23,$1496835259.27,$596136269.46,,,,,,,"March 25, 2024","reserve account, overcollateralization, excess interest/spread",missing_cik,BMW_AUTO_LEASING_LLC_2024-02-01_424H_clean.txt
BMW,BMW Vehicle Lease Trust 2024-2,auto_leases,2024-09-26,"September 30, 2024",,333-260903,BMW Auto Leasing LLC,BMW Auto Leasing LLC,$1000000000,,,,,,36,23,$1175088139.61,$604340859.07,,,,,,,"November 25, 2024","reserve account, overcollateralization, excess interest/spread",missing_cik,BMW_AUTO_LEASING_LLC_2024-09-26_424H_clean.txt
BMW,BMW Vehicle Lease Trust 2025-1,auto_leases,2025-05-29,"May 31, 2025",,333-283340,BMW Auto Leasing LLC,,$1100000000,,,,,,36,24,$1266551527.31,$683456525.14,,,,,,,"July 25, 2025","reserve account, overcollateralization, excess interest/spread",missing_cik,BMW_AUTO_LEASING_LLC_2025-05-29_424H_clean.txt
BMW,BMW Vehicle Lease Trust 2025-2,auto_leases,2025-10-02,"September 30, 2025",,333-283340,BMW Auto Leasing LLC,BMW Auto Leasing LLC,$1000000000,,,,,,36,24,$1151410485.95,$659088050.02,,,,,,,"November 25, 2025","reserve account, overcollateralization, excess interest/spread",missing_cik,BMW_AUTO_LEASING_LLC_2025-10-02_424H_clean.txt
BMW,BMW Vehicle Lease Trust 2026-1,auto_leases,2026-04-09,"March 31, 2026",,333-283340,BMW Auto Leasing LLC,BMW Auto Leasing LLC,$1250000000,,,,,,36,24,$1439279232.99,$807579908.17,,,,,,,"May 26, 2026","reserve account, overcollateralization, excess interest/spread",missing_cik,BMW_AUTO_LEASING_LLC_2026-04-09_424H_clean.txt
BRIDGECREST,Bridgecrest Lending Auto Securitization Trust 2024-2,auto_loans_subprime,2024-04-11,"March 31, 2024",,333-271899,Bridgecrest Auto Funding LLC,Acceptance Corporation,$467500000,,23985,,23.16,552,71,70,,,,,,,,,"May 15, 2024",,missing_cik,Bridgecrest_Auto_Funding_LLC_2024-04-11_424H_clean.txt
BRIDGECREST,Bridgecrest Lending Auto Securitization Trust 2024-3,auto_loans_subprime,2024-07-11,,,333-271899,Bridgecrest Auto Funding LLC,Acceptance Corporation,$573750000,,33787,,22.29,554,71,67,,,,,,,,,"August 15, 2024",,missing_cik,Bridgecrest_Auto_Funding_LLC_2024-07-11_424H_clean.txt
BRIDGECREST,Bridgecrest Lending Auto Securitization Trust 2024-4,auto_loans_subprime,2024-10-10,"September 30, 2024",,333-271899,Bridgecrest Auto Funding LLC,Acceptance Corporation,$580500000,,31892,,22.61,555,71,68,,,,,,,,,"November 15, 2024",,missing_cik,Bridgecrest_Auto_Funding_LLC_2024-10-10_424H_clean.txt
BRIDGECREST,Bridgecrest Lending Auto Securitization Trust 2025-1,auto_loans_subprime,2025-01-15,"December 31, 2024",,333-271899,Bridgecrest Auto Funding LLC,Acceptance Corporation,$546100000,,30853,,22.49,553,71,68,,,,,,,,,"February 18, 2025",,missing_cik,Bridgecrest_Auto_Funding_LLC_2025-01-15_424H_clean.txt
BRIDGECREST,Bridgecrest Lending Auto Securitization Trust 2025-2,auto_loans_subprime,2025-05-12,,,333-271899,Bridgecrest Auto Funding LLC,Bridgecrest Acceptance Corporation,$434689000,$512000343.00,23892,,22.15,555,71,69,,,,,,,,,"March 30, 2026",,missing_cik,Bridgecrest_Auto_Funding_LLC_2025-05-12_424H_clean.txt
BRIDGECREST,Bridgecrest Lending Auto Securitization Trust 2025-3,auto_loans_subprime,2025-07-16,,,333-271899,Bridgecrest Auto Funding LLC,Bridgecrest Acceptance Corporation,$431750000,$550000413.00,26229,,22.04,,71,68,,,,,,,,,,"reserve account, overcollateralization, subordination, excess interest/spread",missing_cik,Bridgecrest_Auto_Funding_LLC_2025-07-16_424H_clean.txt
BRIDGECREST,Bridgecrest Lending Auto Securitization Trust 2025-4,auto_loans_subprime,2025-10-08,,,333-271899,Bridgecrest Auto Funding LLC,Bridgecrest Acceptance Corporation,$510040000,$600022735.53,25770,,22.02,,71,70,,,,,,,,,,,missing_cik,Bridgecrest_Auto_Funding_LLC_2025-10-08_424H_clean.txt
BRIDGECREST,Bridgecrest Lending Auto Securitization Trust 2026-1,auto_loans_subprime,2026-01-14,,,333-271899,Bridgecrest Auto Funding LLC,Bridgecrest Acceptance Corporation,$552484000,,29036,,21.76,,71,69,,,,,,,,,"March 30, 2027",,missing_cik,Bridgecrest_Auto_Funding_LLC_2026-01-14_424H_clean.txt
BRIDGECREST,Bridgecrest Lending Auto Securitization Trust 2026-2,auto_loans_subprime,2026-04-13,,,333-271899,Bridgecrest Auto Funding LLC,Bridgecrest Acceptance Corporation,$557650000,$659935929.70,30039,,21.44,,71,68,,,,,,,,,"March 30, 2027",,missing_cik,Bridgecrest_Auto_Funding_LLC_2026-04-13_424H_clean.txt
BRIDGECREST,Bridgecrest Lending Auto Securitization Trust 2026-3,auto_loans_subprime,2026-07-15,,,333-271899,Funding LLC,,$600000000,$710091897.48,29933,,21.64,,71,69,,,,,,,,,"March 30, 2027",,missing_cik,Bridgecrest_Auto_Funding_LLC_2026-07-15_424H_clean.txt
FORD,Owner Trust 2024-A,auto_loans,2024-03-11,,0002014176,333-258040,Ford Credit Auto Receivables Two LLC,Ford Motor Credit Company LLC,$1289450000,$1315750000,38854,$36382.64,4.80,756,63.7,55.8,,,,,,,,,"April 15, 2024","reserve account, overcollateralization, subordination, excess interest/spread",balance_average_mismatch,FORD_CREDIT_AUTO_RECEIVABLES_TWO_LLC_2024-03-11_424H_clean.txt
FORD,Credit Auto Owner Trust 2024-B,auto_loans,2024-06-13,,0002023756,333-258040,Ford Credit Auto Receivables Two LLC,Ford Credit Auto Receivables Two LLC Depositor Ford Motor Credit Company LLC,$1578940000,$1578940000,45774,$37438.97,4.65,755,64.8,57.0,,,,,,,,,"July 15, 2024",,balance_average_mismatch,FORD_CREDIT_AUTO_RECEIVABLES_TWO_LLC_2024-06-13_424H_clean.txt
FORD,Owner Trust 2024-C,auto_loans,2024-09-12,,0002033921,333-258040,Ford Credit Auto Receivables Two LLC,Ford Credit Auto Receivables Two LLC Depositor Ford Motor Credit Company LLC,$1289480000,$1315790000,35802,$39307.62,4.74,756,64.8,57.2,,,,,,,,,"October 15, 2024","reserve account, overcollateralization, subordination, excess interest/spread",balance_average_mismatch,FORD_CREDIT_AUTO_RECEIVABLES_TWO_LLC_2024-09-12_424H_clean.txt
FORD,Owner Trust 2024-D,auto_loans,2024-11-14,,0002042453,333-258040,Auto Receivables Two LLC,Credit Company LLC,$1289480000,$1315790000,34848,$40249.05,4.80,754,64.9,57.2,,,,,,,,,"December 16, 2024","reserve account, overcollateralization, subordination, excess interest/spread",balance_average_mismatch,FORD_CREDIT_AUTO_RECEIVABLES_TWO_LLC_2024-11-14_424H_clean.txt
FORD,Owner Trust 2025-A,auto_loans,2025-03-13,,0002057342,333-281130,Auto Receivables Two LLC,Credit Company LLC,$1289480000,$1315790000,45722,$36489.63,4.80,755,64.8,54.3,,,,,,,,,"April 15, 2025","reserve account, overcollateralization, subordination, excess interest/spread",balance_average_mismatch,FORD_CREDIT_AUTO_RECEIVABLES_TWO_LLC_2025-03-13_424H_clean.txt
FORD,Owner Trust 2025-B,auto_loans,2025-09-18,,0002082903,333-281130,Auto Receivables Two LLC,Credit Company LLC,$1289480000,$1315790000,36393,$37689.60,5.21,752,66.0,55.4,,,,,,,,,"October 15, 2025","reserve account, overcollateralization, subordination, excess interest/spread",balance_average_mismatch,FORD_CREDIT_AUTO_RECEIVABLES_TWO_LLC_2025-09-18_424H_clean.txt
FORD,Owner Trust 2025-C,auto_loans,2025-11-13,,0002092555,333-281130,Ford Credit Auto Receivables Two LLC,Ford Motor Credit Company LLC,$1031580000,$1096614974.63,29520,$37148.20,5.15,752,65.9,55.0,,,,,,,,,"December 15, 2025","reserve account, overcollateralization, subordination, excess interest/spread",,FORD_CREDIT_AUTO_RECEIVABLES_TWO_LLC_2025-11-13_424H_clean.txt
FORD,Credit Auto Owner Trust 2026-A,auto_loans,2026-03-12,,0002113024,333-281130,Ford Credit Auto Receivables Two LLC,Ford Credit Auto Receivables Two LLC Depositor Ford Motor Credit Company LLC,$1421040000,$1421040000,39024,$38155.01,4.84,754,65.8,55.0,,,,,,,,,"April 15, 2026",,balance_average_mismatch,FORD_CREDIT_AUTO_RECEIVABLES_TWO_LLC_2026-03-12_424H_clean.txt
FORD,Credit Auto Owner Trust 2026-B,auto_loans,2026-06-11,,0002137917,333-281130,Ford Credit Auto Receivables Two LLC,Ford Motor Credit Company LLC,$1289500000,$1578960000,36713,$37573.40,5.07,752,66.5,54.8,,,,,,,,,"July 15, 2026","reserve account, overcollateralization, subordination, excess interest/spread",balance_average_mismatch,FORD_CREDIT_AUTO_RECEIVABLES_TWO_LLC_2026-06-11_424H_clean.txt
SANTANDER,Santander Drive Auto Receivables Trust 2024-4,auto_loans_subprime,2024-08-07,"July 31, 2024",,333-261901,Santander Consumer USA Inc.,Consumer USA Inc.,$1811010000,$500.00,1,,18.56,604,73,67,,,,,,,,,"September 16, 2024",,missing_cik,SANTANDER_DRIVE_AUTO_RECEIVABLES_LLC_2024-08-07_424H_clean.txt
SANTANDER,Drive Auto Receivables Trust 2024-2,auto_loans_subprime,2024-09-11,"August 31, 2024",,333-261901,Santander Consumer USA Inc.,Consumer USA Inc.,$1709590000,$500.00,1,,17.93,586,72,67,,,,,,,,,"October 15, 2024",,missing_cik,SANTANDER_DRIVE_AUTO_RECEIVABLES_LLC_2024-09-11_424H_clean.txt
SANTANDER,Santander Drive Auto Receivables Trust 2024-5,auto_loans_subprime,2024-10-10,"September 30, 2024",,333-261901,Santander Consumer USA Inc.,Consumer USA Inc.,$1500000000,$500.00,20946,,14.99,604,72,61,,,,,,,,,"November 15, 2024","reserve account, overcollateralization, subordination, excess interest/spread",missing_cik,SANTANDER_DRIVE_AUTO_RECEIVABLES_LLC_2024-10-10_424H_clean.txt
SANTANDER,Santander Drive Auto Receivables Trust 2025-1,auto_loans_subprime,2025-01-10,"December 31, 2024",,333-261901,Santander Consumer USA Inc.,Consumer USA Inc.,$2132940000,$500.00,1,,17.71,605,72,64,,,,,,,,,"March 30, 2026",,missing_cik,SANTANDER_DRIVE_AUTO_RECEIVABLES_LLC_2025-01-10_424H_clean.txt
SANTANDER,Santander Drive Auto Receivables Trust 2025-2,auto_loans_subprime,2025-03-12,"February 28, 2025",,333-284121,Santander Consumer USA Inc.,Consumer USA Inc.,$1983340000,$500.00,1,,15.57,605,72,67,,,,,,,,,"March 30, 2026",,missing_cik,SANTANDER_DRIVE_AUTO_RECEIVABLES_LLC_2025-03-12_424H_clean.txt
SANTANDER,Drive Auto Receivables Trust 2025-1,auto_loans_subprime,2025-05-14,"April 30, 2025",,333-284121,Santander Consumer USA Inc.,include information regarding securitizations sponsored by SC which inc,$1109730000,$500.00,1,,17.46,586,72,69,,,,,,,,,"March 30, 2026","reserve account, overcollateralization, subordination, excess interest/spread",missing_cik,SANTANDER_DRIVE_AUTO_RECEIVABLES_LLC_2025-05-14_424H_clean.txt
SANTANDER,Santander Drive Auto Receivables Trust 2025-3,auto_loans_subprime,2025-07-17,"June 30, 2025",,333-284121,Santander Consumer USA Inc.,The aggregate initial princ,$2055690000,$500.00,15692,,15.46,604,72,68,,,,,,,,,"March 30, 2026",,missing_cik,SANTANDER_DRIVE_AUTO_RECEIVABLES_LLC_2025-07-17_424H_clean.txt
SANTANDER,Drive Auto Receivables Trust 2025-2,auto_loans_subprime,2025-09-10,"August 31, 2025",,333-284121,Santander Consumer USA Inc.,The aggregate initial princ,$1595870000,$500.00,1,,17.94,586,72,67,,,,,,,,,"March 30, 2026",,missing_cik,SANTANDER_DRIVE_AUTO_RECEIVABLES_LLC_2025-09-10_424H_clean.txt
SANTANDER,Santander Drive Auto Receivables Trust 2025-4,auto_loans_subprime,2025-11-06,"October 31, 2025",,333-284121,Santander Consumer USA Inc.,Consumer USA Inc.,$1564050000,$500.00,18923,,15.80,602,73,66,,,,,,,,,"March 30, 2026","reserve account, overcollateralization, subordination, excess interest/spread",missing_cik,SANTANDER_DRIVE_AUTO_RECEIVABLES_LLC_2025-11-06_424H_clean.txt
SANTANDER,Santander Drive Auto Receivables Trust 2026-1,auto_loans_subprime,2026-02-11,"January 31, 2026",,333-284121,Santander Consumer USA Inc.,The aggregate initial princ,$1498530000,$500.00,1,,15.50,605,72,65,,,,,,,,,"March 30, 2027",,missing_cik,SANTANDER_DRIVE_AUTO_RECEIVABLES_LLC_2026-02-11_424H_clean.txt
VERIZON,,device_payment_revolving,2025-07-22,,,333-278415-01,Verizon ABS II LLC,Cellc,$102180000,,,,,,,,,,,,,,,,"April 13, 2022",excess interest/spread,missing_deal_name;missing_cik,Verizon_ABS_II_LLC_2025-07-22_424H_clean.txt
VERIZON,,device_payment_revolving,2025-08-04,,,333-278415-01,Verizon ABS II LLC,Cellc,$40870000,,,,,,,,,,,,,,,,"April 13, 2022",excess interest/spread,missing_deal_name;missing_cik,Verizon_ABS_II_LLC_2025-08-04_424H_clean.txt
VERIZON,,device_payment_revolving,2025-09-03,,,333-278415-01,Verizon ABS II LLC,Cellc,$600000000,,,,,,,,,,,,,,,,"October 20, 2025",excess interest/spread,missing_deal_name;missing_cik,Verizon_ABS_II_LLC_2025-09-03_424H_clean.txt
VERIZON,,device_payment_revolving,2025-11-13,,,333-278415-01,Verizon ABS II LLC,,$500000000,,,,,,,,,,,,,,,,"April 13, 2022",excess interest/spread,missing_deal_name;missing_cik,Verizon_ABS_II_LLC_2025-11-13_424H_clean.txt
VERIZON,,device_payment_revolving,2026-03-02,,,333-278415-01,Verizon ABS II LLC,,$700000000,,,,,,,,,,,,,,,,"April 20, 2026",excess interest/spread,missing_deal_name;missing_cik,Verizon_ABS_II_LLC_2026-03-02_424H_clean.txt
VERIZON,,device_payment_revolving,2026-06-22,,,333-278415-01,Verizon ABS II LLC,,$700000000,,,,,,,,,,,,,,,,"April 13, 2022",excess interest/spread,missing_deal_name;missing_cik,Verizon_ABS_II_LLC_2026-06-22_424H_clean.txt
WELLS_FARGO,Mortgage Trust 2025-5C6,cmbs,2025-09-17,,,333-282099-06,"Securities, Inc.","condition or engineering report. JPMCB may waive this escrow requirement in certain circumstances, inc",$539381000,$622662516,,,6.4863,,60,58,,,,,26,51,56.4%,1.64x,,subordination,missing_cik,WELLS_FARGO_COMMERCIAL_MORTGAGE_SECURITIES_INC_2025-09-17_424H_clean.txt
WELLS_FARGO,Mortgage Trust 2025-C65,cmbs,2025-09-30,,,333-282099-07,"Securities, Inc.","mortgage loans owned by Wells Fargo Bank from time to time, including, prior to their inc",$613970000,$688887247,,,,,120,118,,,,,23,79,56.6%,1.91x,"July 1, 2024",subordination,missing_cik,WELLS_FARGO_COMMERCIAL_MORTGAGE_SECURITIES_INC_2025-09-30_424H_clean.txt
WELLS_FARGO,,cmbs,2025-11-13,,,333-282099-08,"Securities, Inc.","with respect to certain mortgage loans owned by JPMCB and such affiliates from time to time, including, prior to their inc",$571531000,$709866284,,,6.1512,,60,59,,,,,29,72,58.1%,1.84x,,subordination,missing_deal_name;missing_cik,WELLS_FARGO_COMMERCIAL_MORTGAGE_SECURITIES_INC_2025-11-13_424H_clean.txt
WELLS_FARGO,Mortgage Trust 2025-5C7,cmbs,2025-12-01,,,333-282099-09,"Securities, Inc.","condition or engineering report. JPMCB may waive this escrow requirement in certain circumstances, inc",$672485000,$771863063,,,6.5698,,60,59,,,,,25,265,57.1%,1.79x,,subordination,missing_cik,WELLS_FARGO_COMMERCIAL_MORTGAGE_SECURITIES_INC_2025-12-01_424H_clean.txt
WELLS_FARGO,,cmbs,2025-12-08,"November 25, 2025",,333-282099-10,"Securities, Inc.","with respect to certain mortgage loans owned by JPMCB and such affiliates from time to time, including, prior to their inc",$894510000,$1007405787,,,6.1615,,120,119,,,,,74,91,,2.83x,"July 1, 2024",subordination,missing_deal_name;missing_cik,WELLS_FARGO_COMMERCIAL_MORTGAGE_SECURITIES_INC_2025-12-08_424H_clean.txt
WELLS_FARGO,Mortgage Trust 2026-5C8,cmbs,2026-02-11,,,333-282099-11,"SECURITIES, INC.","with respect to certain mortgage loans owned by JPMCB and such affiliates from time to time, including, prior to their inc",$672308000,$766163165,,,,,60,58,,,,,29,40,59.4%,1.92x,"December 9, 2030",subordination,missing_cik,WELLS_FARGO_COMMERCIAL_MORTGAGE_SECURITIES_INC_2026-02-11_424H_clean.txt
WELLS_FARGO,Mortgage Trust 2026-C66,cmbs,2026-03-23,,,333-282099-12,"Securities, Inc.",payments if borrowers must use property inc,$510127000,$586352904,,,6.2740,,120,118,,,,,29,49,58.8%,1.64x,"December 31, 2026",subordination,missing_cik,WELLS_FARGO_COMMERCIAL_MORTGAGE_SECURITIES_INC_2026-03-23_424H_clean.txt
WELLS_FARGO,,cmbs,2026-05-05,,,333-282099-13,"Company, a Delaware corp","condition or engineering report. JPMCB may waive this escrow requirement in certain circumstances, inc",$512996000,$619935844,,,6.6458,,60,58,,,,,29,138,59.4%,1.58x,,subordination,missing_deal_name;missing_cik,WELLS_FARGO_COMMERCIAL_MORTGAGE_SECURITIES_INC_2026-05-05_424H_clean.txt
WELLS_FARGO,,cmbs,2026-05-15,,,333-282099-14,"Securities, Inc.","with respect to certain mortgage loans owned by JPMCB and such affiliates from time to time, including, prior to their inc",$735845000,$852241292,,,6.2019,,60,58,,,,,27,184,60.1%,1.58x,"March 20, 2034",subordination,missing_deal_name;missing_cik,WELLS_FARGO_COMMERCIAL_MORTGAGE_SECURITIES_INC_2026-05-15_424H_clean.txt
WELLS_FARGO,Mortgage Trust 2026-5C10,cmbs,2026-06-10,,,333-282099-15,"Securities, Inc.","of BSPRT CMBS Finance, LLC",$475241000,$546254993,,,,,60,59,,,,,29,62,62.8%,1.66x,,subordination,missing_cik,WELLS_FARGO_COMMERCIAL_MORTGAGE_SECURITIES_INC_2026-06-10_424H_clean.txt
WORLD_OMNI,Omni Auto Receivables Trust 2024-C,auto_loans,2024-08-07,,0002029490,333-261470,Omni Auto Receivables LLC,s certificates. If the aggregate initial princ,$1210550000,$1039208826.00,36858,,6.67,756,68.11,62.37,,,,,,,,,,,,WORLD_OMNI_AUTO_RECEIVABLES_LLC_2024-08-07_424H_clean.txt
WORLD_OMNI,Omni Auto Receivables Trust 2025-A,auto_loans,2025-01-14,,0002046523,333-261470,Omni Auto Receivables LLC,s certificates. If the aggregate initial princ,$970360000,$1033865020.89,35835,,6.61,756,68.21,60.99,,,,,,,,,,,,WORLD_OMNI_AUTO_RECEIVABLES_LLC_2025-01-14_424H_clean.txt
WORLD_OMNI,Omni Auto Receivables Trust 2025-B,auto_loans,2025-05-01,,0002065415,333-283578,Omni Auto Receivables LLC,s certificates. If the aggregate initial princ,$959670000,$1014075243.00,38226,,6.50,756,67.93,60.60,,,,,,,,,,,,WORLD_OMNI_AUTO_RECEIVABLES_LLC_2025-05-01_424H_clean.txt
WORLD_OMNI,Auto Receivables Trust 2025-C,auto_loans,2025-07-28,,0002074794,333-283578,Receivables LLC,,$963605000,$1030588930.99,36219,,6.29,758,68.31,61.64,,,,,,,,,,,,WORLD_OMNI_AUTO_RECEIVABLES_LLC_2025-07-28_424H_clean.txt
WORLD_OMNI,Auto Trust 2025-A,auto_loans,2025-09-10,"July 31, 2025",0002082708,333-283578,Receivables LLC,,$758360000,$835651463.60,25966,,10.75,650,74.54,67.93,,,,,,,,,,,,WORLD_OMNI_AUTO_RECEIVABLES_LLC_2025-09-10_424H_clean.txt
WORLD_OMNI,Auto Receivables Trust 2025-D,auto_loans,2025-10-01,,0002087069,333-283578,Auto Receivables LLC,,$918380000,$982748036.14,36214,,6.15,757,68.56,61.01,,,,,,,,,,,,WORLD_OMNI_AUTO_RECEIVABLES_LLC_2025-10-01_424H_clean.txt
WORLD_OMNI,Receivables Trust 2026-A,auto_loans,2026-02-02,,0002104367,333-283578,Receivables LLC,,$983760000,$1040718152.32,36865,,5.87,758,68.40,61.10,,,,,,,,,,,,WORLD_OMNI_AUTO_RECEIVABLES_LLC_2026-02-02_424H_clean.txt
WORLD_OMNI,Omni Auto Receivables Trust 2026-B,auto_loans,2026-04-29,,0002128465,333-283578,Omni Auto Receivables LLC,,$1316370000,$1090953053.46,36188,,5.80,759,68.61,60.41,,,,,,,,,,,,WORLD_OMNI_AUTO_RECEIVABLES_LLC_2026-04-29_424H_clean.txt
WORLD_OMNI,Select Auto Trust 2026-A,auto_loans,2026-07-13,"May 31, 2026",0002140699,333-283578,Auto Receivables LLC,,$615190000,$688498417.30,21839,,9.84,647,74.49,67.25,,,,,,,,,,,,WORLD_OMNI_AUTO_RECEIVABLES_LLC_2026-07-13_424H_clean.txt
WORLD_OMNI,Auto Receivables Trust 2026-C,auto_loans,2026-08-12,,0002146760,333-283578,Auto Receivables LLC,,$1011080000,,34343,,,758,68.97,61.41,,,,,,,,,,"reserve account, overcollateralization, excess interest/spread, yield supplement OC",,WORLD_OMNI_AUTO_RECEIVABLES_LLC_2026-08-12_424H_clean.txt
